"Worker ID","Link to Individual Worker Page","Number of HITs approved or rejected - Lifetime","Number of HITs approved - Lifetime","Your Lifetime approval rate","Number of HITs approved or rejected - Last 30 days","Number of HITs approved - Last 30 days","Your Last 30 days approval rate","Number of HITs approved or rejected - Last 7 days","Number of HITs approved - Last 7 days","Your Last 7 days approval rate","CURRENT-set_9","UPDATE-set_9","CURRENT-set_8","UPDATE-set_8","CURRENT-set_7","UPDATE-set_7","CURRENT-set_6","UPDATE-set_6","CURRENT-set_5","UPDATE-set_5","CURRENT-set_4","UPDATE-set_4","CURRENT-set_34","UPDATE-set_34","CURRENT-set_33","UPDATE-set_33","CURRENT-set_32","UPDATE-set_32","CURRENT-set_31","UPDATE-set_31","CURRENT-set_30","UPDATE-set_30","CURRENT-set_3","UPDATE-set_3","CURRENT-set_29","UPDATE-set_29","CURRENT-set_28","UPDATE-set_28","CURRENT-set_27","UPDATE-set_27","CURRENT-set_26","UPDATE-set_26","CURRENT-set_25","UPDATE-set_25","CURRENT-set_24","UPDATE-set_24","CURRENT-set_23","UPDATE-set_23","CURRENT-set_22","UPDATE-set_22","CURRENT-set_21","UPDATE-set_21","CURRENT-set_20","UPDATE-set_20","CURRENT-set_2","UPDATE-set_2","CURRENT-set_19","UPDATE-set_19","CURRENT-set_18","UPDATE-set_18","CURRENT-set_17","UPDATE-set_17","CURRENT-set_16","UPDATE-set_16","CURRENT-set_15","UPDATE-set_15","CURRENT-set_14","UPDATE-set_14","CURRENT-set_13","UPDATE-set_13","CURRENT-set_12","UPDATE-set_12","CURRENT-set_11","UPDATE-set_11","CURRENT-set_10","UPDATE-set_10","CURRENT-set_1","UPDATE-set_1","CURRENT-set_0","UPDATE-set_0","CURRENT-non_selected_workers","UPDATE-non_selected_workers","CURRENT BlockStatus","UPDATE BlockStatus","BlockReason"
"A12VVC5C5Y53VZ","https://requester.mturk.com/workers/A12VVC5C5Y53VZ","1","1","100.00%","1","1","100.00%","1","1","100.00%","","","","","","","","","","","","","","","","","","","","","","","","","","","","","","","","","","","","","","","","","","","","","","","","","","","","","","","","","","","","","","","","","","","","","","","","","Blocked","Block","Do not meet the qualification for follow-up tasks. The worker will be unblocked after the follow-up tasks end."
"A14R4R8CKF1U4R","https://requester.mturk.com/workers/A14R4R8CKF1U4R","1","1","100.00%","1","1","100.00%","1","1","100.00%","","","","","","","","","","","","","","","","","","","","","","","","","","","","","","","","","","","","","","","","","","","","","","","","","","","","","","","","","","","","","","","","","","","","","","","","","Blocked","Block","Do not meet the qualification for follow-up tasks. The worker will be unblocked after the follow-up tasks end."
"A15YV1SQ5GJGP9","https://requester.mturk.com/workers/A15YV1SQ5GJGP9","1","1","100.00%","1","1","100.00%","1","1","100.00%","","","","","","","","","","","","","","","","","","","","","","","","","","","","","","","","","","","","","","","","","","","","","","","","","","","","","","","","","","","","","","","","","","","","","","","","","Blocked","Block","Do not meet the qualification for follow-up tasks. The worker will be unblocked after the follow-up tasks end."
"A16XI3JQN3EWLZ","https://requester.mturk.com/workers/A16XI3JQN3EWLZ","1","1","100.00%","1","1","100.00%","1","1","100.00%","","","","","","","","","","","","","","","","","","","","","","","","","","","","","","","","","","","","","","","","","","","","","","","","","","","","","","","","","","","","","","","","","","","","","","","","","Blocked","Block","Do not meet the qualification for follow-up tasks. The worker will be unblocked after the follow-up tasks end."
"A16ZXNUKUPMH4","https://requester.mturk.com/workers/A16ZXNUKUPMH4","1","1","100.00%","1","1","100.00%","1","1","100.00%","","","","","","","","","","","","","","","","","","","","","","","","","","","","","","","","","","","","","","","","","","","","","","","","","","","","","","","","","","","","","","","","","","","","","","","","","Blocked","Block","Do not meet the qualification for follow-up tasks. The worker will be unblocked after the follow-up tasks end."
"A171ARPSKRJB93","https://requester.mturk.com/workers/A171ARPSKRJB93","1","1","100.00%","1","1","100.00%","1","1","100.00%","","","","","","","","","","","","","","","","","","","","","","","","","","","","","","","","","","","","","","","","","","","","","","","","","","","","","","","","","","","","","","","","","","","","","","","","","Blocked","Block","Do not meet the qualification for follow-up tasks. The worker will be unblocked after the follow-up tasks end."
"A17U9QHSXQACH4","https://requester.mturk.com/workers/A17U9QHSXQACH4","1","1","100.00%","1","1","100.00%","1","1","100.00%","","","","","","","","","","","","","","","","","","","","","","","","","","","","","","","","","","","","","","","","","","","","","","","","","","","","","","","","","","","","","","","","","","","","","","","","","Blocked","Block","Do not meet the qualification for follow-up tasks. The worker will be unblocked after the follow-up tasks end."
"A18EQ7DSCEEXLR","https://requester.mturk.com/workers/A18EQ7DSCEEXLR","1","1","100.00%","1","1","100.00%","1","1","100.00%","","","","","","","","","","","","","","","","","","","","","","","","","","","","","","","","","","","","","","","","","","","","","","","","","","","","","","","","","","","","","","","","","","","","","","","","","Blocked","Block","Do not meet the qualification for follow-up tasks. The worker will be unblocked after the follow-up tasks end."
"A18FWUMVW5APB0","https://requester.mturk.com/workers/A18FWUMVW5APB0","1","1","100.00%","1","1","100.00%","1","1","100.00%","","","","","","","","","","","","","","","","","","","","","","","","","","","","","","","","","","","","","","","","","","","","","","","","","","","","","","","","","","","","","","","","","","","","","","","","","Blocked","Block","Do not meet the qualification for follow-up tasks. The worker will be unblocked after the follow-up tasks end."
"A18HKVZLIAQCWE","https://requester.mturk.com/workers/A18HKVZLIAQCWE","1","1","100.00%","1","1","100.00%","1","1","100.00%","","","","","","","","","","","","","","","","","","","","","","","","","","","","","","","","","","","","","","","","","","","","","","","","","","","","","","","","","","","","","","","","","","","","","","","","","Blocked","Block","Do not meet the qualification for follow-up tasks. The worker will be unblocked after the follow-up tasks end."
"A1A1ZXUVSV4YR8","https://requester.mturk.com/workers/A1A1ZXUVSV4YR8","1","1","100.00%","1","1","100.00%","1","1","100.00%","","","","","","","","","","","","","","","","","","","","","","","","","","","","","","","","","","","","","","","","","","","","","","","","","","","","","","","","","","","","","","","","","","","","","","","","","Blocked","Block","Do not meet the qualification for follow-up tasks. The worker will be unblocked after the follow-up tasks end."
"A1BDH3O29OKARK","https://requester.mturk.com/workers/A1BDH3O29OKARK","1","1","100.00%","1","1","100.00%","1","1","100.00%","","","","","","","","","","","","","","","","","","","","","","","","","","","","","","","","","","","","","","","","","","","","","","","","","","","","","","","","","","","","","","","","","","","","","","","","","Blocked","Block","Do not meet the qualification for follow-up tasks. The worker will be unblocked after the follow-up tasks end."
"A1BF1W2XN5BWFQ","https://requester.mturk.com/workers/A1BF1W2XN5BWFQ","1","1","100.00%","1","1","100.00%","1","1","100.00%","","","","","","","","","","","","","","","","","","","","","","","","","","","","","","","","","","","","","","","","","","","","","","","","","","","","","","","","","","","","","","","","","","","","","","","","","Blocked","Block","Do not meet the qualification for follow-up tasks. The worker will be unblocked after the follow-up tasks end."
"A1BQKP971LFCYL","https://requester.mturk.com/workers/A1BQKP971LFCYL","1","1","100.00%","1","1","100.00%","1","1","100.00%","","","","","","","","","","","","","","","","","","","","","","","","","","","","","","","","","","","","","","","","","","","","","","","","","","","","","","","","","","","","","","","","","","","","","","","","","Blocked","Block","Do not meet the qualification for follow-up tasks. The worker will be unblocked after the follow-up tasks end."
"A1CJQ1MCXPRR2L","https://requester.mturk.com/workers/A1CJQ1MCXPRR2L","1","1","100.00%","1","1","100.00%","1","1","100.00%","","","","","","","","","","","","","","","","","","","","","","","","","","","","","","","","","","","","","","","","","","","","","","","","","","","","","","","","","","","","","","","","","","","","","","","","","Blocked","Block","Do not meet the qualification for follow-up tasks. The worker will be unblocked after the follow-up tasks end."
"A1DXYZ9EW2R6DT","https://requester.mturk.com/workers/A1DXYZ9EW2R6DT","1","1","100.00%","1","1","100.00%","1","1","100.00%","","","","","","","","","","","","","","","","","","","","","","","","","","","","","","","","","","","","","","","","","","","","","","","","","","","","","","","","","","","","","","","","","","","","","","","","","Blocked","Block","Do not meet the qualification for follow-up tasks. The worker will be unblocked after the follow-up tasks end."
"A1EK8YNHZHTW1J","https://requester.mturk.com/workers/A1EK8YNHZHTW1J","1","1","100.00%","1","1","100.00%","1","1","100.00%","","","","","","","","","","","","","","","","","","","","","","","","","","","","","","","","","","","","","","","","","","","","","","","","","","","","","","","","","","","","","","","","","","","","","","","","","Blocked","Block","Do not meet the qualification for follow-up tasks. The worker will be unblocked after the follow-up tasks end."
"A1GPGAMK4T49TW","https://requester.mturk.com/workers/A1GPGAMK4T49TW","1","1","100.00%","1","1","100.00%","1","1","100.00%","","","","","","","","","","","","","","","","","","","","","","","","","","","","","","","","","","","","","","","","","","","","","","","","","","","","","","","","","","","","","","","","","","","","","","","","","Blocked","Block","Do not meet the qualification for follow-up tasks. The worker will be unblocked after the follow-up tasks end."
"A1IAMFWEE5O3RG","https://requester.mturk.com/workers/A1IAMFWEE5O3RG","1","1","100.00%","1","1","100.00%","1","1","100.00%","","","","","","","","","","","","","","","","","","","","","","","","","","","","","","","","","","","","","","","","","","","","","","","","","","","","","","","","","","","","","","","","","","","","","","","","","Blocked","Block","Do not meet the qualification for follow-up tasks. The worker will be unblocked after the follow-up tasks end."
"A1JGZD9FUDYJ30","https://requester.mturk.com/workers/A1JGZD9FUDYJ30","1","1","100.00%","1","1","100.00%","1","1","100.00%","","","","","","","","","","","","","","","","","","","","","","","","","","","","","","","","","","","","","","","","","","","","","","","","","","","","","","","","","","","","","","","","","","","","","","","","","Blocked","Block","Do not meet the qualification for follow-up tasks. The worker will be unblocked after the follow-up tasks end."
"A1KHD0O007P9DO","https://requester.mturk.com/workers/A1KHD0O007P9DO","1","1","100.00%","1","1","100.00%","1","1","100.00%","","","","","","","","","","","","","","","","","","","","","","","","","","","","","","","","","","","","","","","","","","","","","","","","","","","","","","","","","","","","","","","","","","","","","","","","","Blocked","Block","Do not meet the qualification for follow-up tasks. The worker will be unblocked after the follow-up tasks end."
"A1KVE1E8ZON2F7","https://requester.mturk.com/workers/A1KVE1E8ZON2F7","1","1","100.00%","1","1","100.00%","1","1","100.00%","","","","","","","","","","","","","","","","","","","","","","","","","","","","","","","","","","","","","","","","","","","","","","","","","","","","","","","","","","","","","","","","","","","","","","","","","Blocked","Block","Do not meet the qualification for follow-up tasks. The worker will be unblocked after the follow-up tasks end."
"A1L1S0IAPZB4MO","https://requester.mturk.com/workers/A1L1S0IAPZB4MO","1","1","100.00%","1","1","100.00%","1","1","100.00%","","","","","","","","","","","","","","","","","","","","","","","","","","","","","","","","","","","","","","","","","","","","","","","","","","","","","","","","","","","","","","","","","","","","","","","","","Blocked","Block","Do not meet the qualification for follow-up tasks. The worker will be unblocked after the follow-up tasks end."
"A1M52J1BIO1O2V","https://requester.mturk.com/workers/A1M52J1BIO1O2V","1","1","100.00%","1","1","100.00%","1","1","100.00%","","","","","","","","","","","","","","","","","","","","","","","","","","","","","","","","","","","","","","","","","","","","","","","","","","","","","","","","","","","","","","","","","","","","","","","","","Blocked","Block","Do not meet the qualification for follow-up tasks. The worker will be unblocked after the follow-up tasks end."
"A1MWYS9YMR5MGQ","https://requester.mturk.com/workers/A1MWYS9YMR5MGQ","1","1","100.00%","1","1","100.00%","1","1","100.00%","","","","","","","","","","","","","","","","","","","","","","","","","","","","","","","","","","","","","","","","","","","","","","","","","","","","","","","","","","","","","","","","","","","","","","","","","Blocked","Block","Do not meet the qualification for follow-up tasks. The worker will be unblocked after the follow-up tasks end."
"A1NZ4BJK085UI7","https://requester.mturk.com/workers/A1NZ4BJK085UI7","1","1","100.00%","1","1","100.00%","1","1","100.00%","","","","","","","","","","","","","","","","","","","","","","","","","","","","","","","","","","","","","","","","","","","","","","","","","","","","","","","","","","","","","","","","","","","","","","","","","Blocked","Block","Do not meet the qualification for follow-up tasks. The worker will be unblocked after the follow-up tasks end."
"A1O6NAOVMJ1XVC","https://requester.mturk.com/workers/A1O6NAOVMJ1XVC","1","1","100.00%","1","1","100.00%","1","1","100.00%","","","","","","","","","","","","","","","","","","","","","","","","","","","","","","","","","","","","","","","","","","","","","","","","","","","","","","","","","","","","","","","","","","","","","","","","","Blocked","Block","Do not meet the qualification for follow-up tasks. The worker will be unblocked after the follow-up tasks end."
"A1PFJ5ACN1S55A","https://requester.mturk.com/workers/A1PFJ5ACN1S55A","1","1","100.00%","1","1","100.00%","1","1","100.00%","","","","","","","","","","","","","","","","","","","","","","","","","","","","","","","","","","","","","","","","","","","","","","","","","","","","","","","","","","","","","","","","","","","","","","","","","Blocked","Block","Do not meet the qualification for follow-up tasks. The worker will be unblocked after the follow-up tasks end."
"A1QDQU3TJHQYAU","https://requester.mturk.com/workers/A1QDQU3TJHQYAU","1","1","100.00%","1","1","100.00%","1","1","100.00%","","","","","","","","","","","","","","","","","","","","","","","","","","","","","","","","","","","","","","","","","","","","","","","","","","","","","","","","","","","","","","","","","","","","","","","","","Blocked","Block","Do not meet the qualification for follow-up tasks. The worker will be unblocked after the follow-up tasks end."
"A1R2GKP9RVX5SA","https://requester.mturk.com/workers/A1R2GKP9RVX5SA","1","1","100.00%","1","1","100.00%","1","1","100.00%","","","","","","","","","","","","","","","","","","","","","","","","","","","","","","","","","","","","","","","","","","","","","","","","","","","","","","","","","","","","","","","","","","","","","","","","","Blocked","Block","Do not meet the qualification for follow-up tasks. The worker will be unblocked after the follow-up tasks end."
"A1RGKDDAQN68NO","https://requester.mturk.com/workers/A1RGKDDAQN68NO","1","1","100.00%","1","1","100.00%","1","1","100.00%","","","","","","","","","","","","","","","","","","","","","","","","","","","","","","","","","","","","","","","","","","","","","","","","","","","","","","","","","","","","","","","","","","","","","","","","","Blocked","Block","Do not meet the qualification for follow-up tasks. The worker will be unblocked after the follow-up tasks end."
"A1RK4PGIIJGBQN","https://requester.mturk.com/workers/A1RK4PGIIJGBQN","1","1","100.00%","1","1","100.00%","1","1","100.00%","","","","","","","","","","","","","","","","","","","","","","","","","","","","","","","","","","","","","","","","","","","","","","","","","","","","","","","","","","","","","","","","","","","","","","","","","Blocked","Block","Do not meet the qualification for follow-up tasks. The worker will be unblocked after the follow-up tasks end."
"A1RQ5U07YUVUFF","https://requester.mturk.com/workers/A1RQ5U07YUVUFF","1","1","100.00%","1","1","100.00%","1","1","100.00%","","","","","","","","","","","","","","","","","","","","","","","","","","","","","","","","","","","","","","","","","","","","","","","","","","","","","","","","","","","","","","","","","","","","","","","","","Blocked","Block","Do not meet the qualification for follow-up tasks. The worker will be unblocked after the follow-up tasks end."
"A1RV1XCSULL4DK","https://requester.mturk.com/workers/A1RV1XCSULL4DK","1","1","100.00%","1","1","100.00%","1","1","100.00%","","","","","","","","","","","","","","","","","","","","","","","","","","","","","","","","","","","","","","","","","","","","","","","","","","","","","","","","","","","","","","","","","","","","","","","","","Blocked","Block","Do not meet the qualification for follow-up tasks. The worker will be unblocked after the follow-up tasks end."
"A1SX9GLTEPQ25T","https://requester.mturk.com/workers/A1SX9GLTEPQ25T","1","1","100.00%","1","1","100.00%","1","1","100.00%","","","","","","","","","","","","","","","","","","","","","","","","","","","","","","","","","","","","","","","","","","","","","","","","","","","","","","","","","","","","","","","","","","","","","","","","","Blocked","Block","Do not meet the qualification for follow-up tasks. The worker will be unblocked after the follow-up tasks end."
"A1TB704LFMMB4R","https://requester.mturk.com/workers/A1TB704LFMMB4R","1","1","100.00%","1","1","100.00%","1","1","100.00%","","","","","","","","","","","","","","","","","","","","","","","","","","","","","","","","","","","","","","","","","","","","","","","","","","","","","","","","","","","","","","","","","","","","","","","","","Blocked","Block","Do not meet the qualification for follow-up tasks. The worker will be unblocked after the follow-up tasks end."
"A1TW60NCALLP12","https://requester.mturk.com/workers/A1TW60NCALLP12","1","1","100.00%","1","1","100.00%","1","1","100.00%","","","","","","","","","","","","","","","","","","","","","","","","","","","","","","","","","","","","","","","","","","","","","","","","","","","","","","","","","","","","","","","","","","","","","","","","","Blocked","Block","Do not meet the qualification for follow-up tasks. The worker will be unblocked after the follow-up tasks end."
"A1WAWEY2810TFN","https://requester.mturk.com/workers/A1WAWEY2810TFN","1","1","100.00%","1","1","100.00%","1","1","100.00%","","","","","","","","","","","","","","","","","","","","","","","","","","","","","","","","","","","","","","","","","","","","","","","","","","","","","","","","","","","","","","","","","","","","","","","","","Blocked","Block","Do not meet the qualification for follow-up tasks. The worker will be unblocked after the follow-up tasks end."
"A1X576NYQGAOFT","https://requester.mturk.com/workers/A1X576NYQGAOFT","1","1","100.00%","1","1","100.00%","1","1","100.00%","","","","","","","","","","","","","","","","","","","","","","","","","","","","","","","","","","","","","","","","","","","","","","","","","","","","","","","","","","","","","","","","","","","","","","","","","Blocked","Block","Do not meet the qualification for follow-up tasks. The worker will be unblocked after the follow-up tasks end."
"A1XE81PDQ4YPE","https://requester.mturk.com/workers/A1XE81PDQ4YPE","1","1","100.00%","1","1","100.00%","1","1","100.00%","","","","","","","","","","","","","","","","","","","","","","","","","","","","","","","","","","","","","","","","","","","","","","","","","","","","","","","","","","","","","","","","","","","","","","","","","Blocked","Block","Do not meet the qualification for follow-up tasks. The worker will be unblocked after the follow-up tasks end."
"A1ZSKDWK3U7KKR","https://requester.mturk.com/workers/A1ZSKDWK3U7KKR","1","1","100.00%","1","1","100.00%","1","1","100.00%","","","","","","","","","","","","","","","","","","","","","","","","","","","","","","","","","","","","","","","","","","","","","","","","","","","","","","","","","","","","","","","","","","","","","","","","","Blocked","Block","Do not meet the qualification for follow-up tasks. The worker will be unblocked after the follow-up tasks end."
"A20MHE48O1SO56","https://requester.mturk.com/workers/A20MHE48O1SO56","1","1","100.00%","1","1","100.00%","1","1","100.00%","","","","","","","","","","","","","","","","","","","","","","","","","","","","","","","","","","","","","","","","","","","","","","","","","","","","","","","","","","","","","","","","","","","","","","","","","Blocked","Block","Do not meet the qualification for follow-up tasks. The worker will be unblocked after the follow-up tasks end."
"A20QXCW2IQ1JTI","https://requester.mturk.com/workers/A20QXCW2IQ1JTI","1","1","100.00%","1","1","100.00%","1","1","100.00%","","","","","","","","","","","","","","","","","","","","","","","","","","","","","","","","","","","","","","","","","","","","","","","","","","","","","","","","","","","","","","","","","","","","","","","","","Blocked","Block","Do not meet the qualification for follow-up tasks. The worker will be unblocked after the follow-up tasks end."
"A218NU5B90J6CJ","https://requester.mturk.com/workers/A218NU5B90J6CJ","1","1","100.00%","1","1","100.00%","1","1","100.00%","","","","","","","","","","","","","","","","","","","","","","","","","","","","","","","","","","","","","","","","","","","","","","","","","","","","","","","","","","","","","","","","","","","","","","","","","Blocked","Block","Do not meet the qualification for follow-up tasks. The worker will be unblocked after the follow-up tasks end."
"A22KNHLEDEI42N","https://requester.mturk.com/workers/A22KNHLEDEI42N","1","1","100.00%","1","1","100.00%","1","1","100.00%","","","","","","","","","","","","","","","","","","","","","","","","","","","","","","","","","","","","","","","","","","","","","","","","","","","","","","","","","","","","","","","","","","","","","","","","","Blocked","Block","Do not meet the qualification for follow-up tasks. The worker will be unblocked after the follow-up tasks end."
"A22MSGVDN6N18K","https://requester.mturk.com/workers/A22MSGVDN6N18K","1","1","100.00%","1","1","100.00%","1","1","100.00%","","","","","","","","","","","","","","","","","","","","","","","","","","","","","","","","","","","","","","","","","","","","","","","","","","","","","","","","","","","","","","","","","","","","","","","","","Blocked","Block","Do not meet the qualification for follow-up tasks. The worker will be unblocked after the follow-up tasks end."
"A22PI3R7TAKVVA","https://requester.mturk.com/workers/A22PI3R7TAKVVA","1","1","100.00%","1","1","100.00%","1","1","100.00%","","","","","","","","","","","","","","","","","","","","","","","","","","","","","","","","","","","","","","","","","","","","","","","","","","","","","","","","","","","","","","","","","","","","","","","","","Blocked","Block","Do not meet the qualification for follow-up tasks. The worker will be unblocked after the follow-up tasks end."
"A23NESSAWIXYA5","https://requester.mturk.com/workers/A23NESSAWIXYA5","1","1","100.00%","1","1","100.00%","1","1","100.00%","","","","","","","","","","","","","","","","","","","","","","","","","","","","","","","","","","","","","","","","","","","","","","","","","","","","","","","","","","","","","","","","","","","","","","","","","Blocked","Block","Do not meet the qualification for follow-up tasks. The worker will be unblocked after the follow-up tasks end."
"A24NA8ASZY358P","https://requester.mturk.com/workers/A24NA8ASZY358P","1","1","100.00%","1","1","100.00%","1","1","100.00%","","","","","","","","","","","","","","","","","","","","","","","","","","","","","","","","","","","","","","","","","","","","","","","","","","","","","","","","","","","","","","","","","","","","","","","","","Blocked","Block","Do not meet the qualification for follow-up tasks. The worker will be unblocked after the follow-up tasks end."
"A253S5S5GWG94P","https://requester.mturk.com/workers/A253S5S5GWG94P","1","1","100.00%","1","1","100.00%","1","1","100.00%","","","","","","","","","","","","","","","","","","","","","","","","","","","","","","","","","","","","","","","","","","","","","","","","","","","","","","","","","","","","","","","","","","","","","","","","","Blocked","Block","Do not meet the qualification for follow-up tasks. The worker will be unblocked after the follow-up tasks end."
"A275STSZHFODG6","https://requester.mturk.com/workers/A275STSZHFODG6","1","1","100.00%","1","1","100.00%","1","1","100.00%","","","","","","","","","","","","","","","","","","","","","","","","","","","","","","","","","","","","","","","","","","","","","","","","","","","","","","","","","","","","","","","","","","","","","","","","","Blocked","Block","Do not meet the qualification for follow-up tasks. The worker will be unblocked after the follow-up tasks end."
"A27GK6AHDNFW5Y","https://requester.mturk.com/workers/A27GK6AHDNFW5Y","1","1","100.00%","1","1","100.00%","1","1","100.00%","","","","","","","","","","","","","","","","","","","","","","","","","","","","","","","","","","","","","","","","","","","","","","","","","","","","","","","","","","","","","","","","","","","","","","","","","Blocked","Block","Do not meet the qualification for follow-up tasks. The worker will be unblocked after the follow-up tasks end."
"A2880Y23V0UITQ","https://requester.mturk.com/workers/A2880Y23V0UITQ","1","1","100.00%","1","1","100.00%","1","1","100.00%","","","","","","","","","","","","","","","","","","","","","","","","","","","","","","","","","","","","","","","","","","","","","","","","","","","","","","","","","","","","","","","","","","","","","","","","","Blocked","Block","Do not meet the qualification for follow-up tasks. The worker will be unblocked after the follow-up tasks end."
"A28MBKG5QQ0F8H","https://requester.mturk.com/workers/A28MBKG5QQ0F8H","1","1","100.00%","1","1","100.00%","1","1","100.00%","","","","","","","","","","","","","","","","","","","","","","","","","","","","","","","","","","","","","","","","","","","","","","","","","","","","","","","","","","","","","","","","","","","","","","","","","Blocked","Block","Do not meet the qualification for follow-up tasks. The worker will be unblocked after the follow-up tasks end."
"A28QUR0QYD2WI7","https://requester.mturk.com/workers/A28QUR0QYD2WI7","1","1","100.00%","1","1","100.00%","1","1","100.00%","","","","","","","","","","","","","","","","","","","","","","","","","","","","","","","","","","","","","","","","","","","","","","","","","","","","","","","","","","","","","","","","","","","","","","","","","Blocked","Block","Do not meet the qualification for follow-up tasks. The worker will be unblocked after the follow-up tasks end."
"A29BLVQALSAGAP","https://requester.mturk.com/workers/A29BLVQALSAGAP","1","1","100.00%","1","1","100.00%","1","1","100.00%","","","","","","","","","","","","","","","","","","","","","","","","","","","","","","","","","","","","","","","","","","","","","","","","","","","","","","","","","","","","","","","","","","","","","","","","","Blocked","Block","Do not meet the qualification for follow-up tasks. The worker will be unblocked after the follow-up tasks end."
"A2AWT3MLF4ZBVA","https://requester.mturk.com/workers/A2AWT3MLF4ZBVA","1","1","100.00%","1","1","100.00%","1","1","100.00%","","","","","","","","","","","","","","","","","","","","","","","","","","","","","","","","","","","","","","","","","","","","","","","","","","","","","","","","","","","","","","","","","","","","","","","","","Blocked","Block","Do not meet the qualification for follow-up tasks. The worker will be unblocked after the follow-up tasks end."
"A2BVY78YSPZ0C3","https://requester.mturk.com/workers/A2BVY78YSPZ0C3","1","1","100.00%","1","1","100.00%","1","1","100.00%","","","","","","","","","","","","","","","","","","","","","","","","","","","","","","","","","","","","","","","","","","","","","","","","","","","","","","","","","","","","","","","","","","","","","","","","","Blocked","Block","Do not meet the qualification for follow-up tasks. The worker will be unblocked after the follow-up tasks end."
"A2C33799VENPIP","https://requester.mturk.com/workers/A2C33799VENPIP","1","1","100.00%","1","1","100.00%","1","1","100.00%","","","","","","","","","","","","","","","","","","","","","","","","","","","","","","","","","","","","","","","","","","","","","","","","","","","","","","","","","","","","","","","","","","","","","","","","","Blocked","Block","Do not meet the qualification for follow-up tasks. The worker will be unblocked after the follow-up tasks end."
"A2CSDDEF3W5XJ1","https://requester.mturk.com/workers/A2CSDDEF3W5XJ1","1","1","100.00%","1","1","100.00%","1","1","100.00%","","","","","","","","","","","","","","","","","","","","","","","","","","","","","","","","","","","","","","","","","","","","","","","","","","","","","","","","","","","","","","","","","","","","","","","","","Blocked","Block","Do not meet the qualification for follow-up tasks. The worker will be unblocked after the follow-up tasks end."
"A2DIYZKRJME8Z2","https://requester.mturk.com/workers/A2DIYZKRJME8Z2","1","1","100.00%","1","1","100.00%","1","1","100.00%","","","","","","","","","","","","","","","","","","","","","","","","","","","","","","","","","","","","","","","","","","","","","","","","","","","","","","","","","","","","","","","","","","","","","","","","","Blocked","Block","Do not meet the qualification for follow-up tasks. The worker will be unblocked after the follow-up tasks end."
"A2EP7C9FJU1Y6X","https://requester.mturk.com/workers/A2EP7C9FJU1Y6X","1","1","100.00%","1","1","100.00%","1","1","100.00%","","","","","","","","","","","","","","","","","","","","","","","","","","","","","","","","","","","","","","","","","","","","","","","","","","","","","","","","","","","","","","","","","","","","","","","","","Blocked","Block","Do not meet the qualification for follow-up tasks. The worker will be unblocked after the follow-up tasks end."
"A2FAKTUX48XA8L","https://requester.mturk.com/workers/A2FAKTUX48XA8L","1","1","100.00%","1","1","100.00%","1","1","100.00%","","","","","","","","","","","","","","","","","","","","","","","","","","","","","","","","","","","","","","","","","","","","","","","","","","","","","","","","","","","","","","","","","","","","","","","","","Blocked","Block","Do not meet the qualification for follow-up tasks. The worker will be unblocked after the follow-up tasks end."
"A2GRDXKQMO9AKR","https://requester.mturk.com/workers/A2GRDXKQMO9AKR","1","1","100.00%","1","1","100.00%","1","1","100.00%","","","","","","","","","","","","","","","","","","","","","","","","","","","","","","","","","","","","","","","","","","","","","","","","","","","","","","","","","","","","","","","","","","","","","","","","","Blocked","Block","Do not meet the qualification for follow-up tasks. The worker will be unblocked after the follow-up tasks end."
"A2GYHE0G2PMHF7","https://requester.mturk.com/workers/A2GYHE0G2PMHF7","1","1","100.00%","1","1","100.00%","1","1","100.00%","","","","","","","","","","","","","","","","","","","","","","","","","","","","","","","","","","","","","","","","","","","","","","","","","","","","","","","","","","","","","","","","","","","","","","","","","Blocked","Block","Do not meet the qualification for follow-up tasks. The worker will be unblocked after the follow-up tasks end."
"A2HG1N3BVQO6I","https://requester.mturk.com/workers/A2HG1N3BVQO6I","1","1","100.00%","1","1","100.00%","1","1","100.00%","","","","","","","","","","","","","","","","","","","","","","","","","","","","","","","","","","","","","","","","","","","","","","","","","","","","","","","","","","","","","","","","","","","","","","","","","Blocked","Block","Do not meet the qualification for follow-up tasks. The worker will be unblocked after the follow-up tasks end."
"A2IICH6KZZB6XF","https://requester.mturk.com/workers/A2IICH6KZZB6XF","1","1","100.00%","1","1","100.00%","1","1","100.00%","","","","","","","","","","","","","","","","","","","","","","","","","","","","","","","","","","","","","","","","","","","","","","","","","","","","","","","","","","","","","","","","","","","","","","","","","Blocked","Block","Do not meet the qualification for follow-up tasks. The worker will be unblocked after the follow-up tasks end."
"A2JSIDRTDGDC7T","https://requester.mturk.com/workers/A2JSIDRTDGDC7T","1","1","100.00%","1","1","100.00%","1","1","100.00%","","","","","","","","","","","","","","","","","","","","","","","","","","","","","","","","","","","","","","","","","","","","","","","","","","","","","","","","","","","","","","","","","","","","","","","","","Blocked","Block","Do not meet the qualification for follow-up tasks. The worker will be unblocked after the follow-up tasks end."
"A2LBH2X1DIWOD","https://requester.mturk.com/workers/A2LBH2X1DIWOD","1","1","100.00%","1","1","100.00%","1","1","100.00%","","","","","","","","","","","","","","","","","","","","","","","","","","","","","","","","","","","","","","","","","","","","","","","","","","","","","","","","","","","","","","","","","","","","","","","","","Blocked","Block","Do not meet the qualification for follow-up tasks. The worker will be unblocked after the follow-up tasks end."
"A2LQGFJ4I8B9VU","https://requester.mturk.com/workers/A2LQGFJ4I8B9VU","1","1","100.00%","1","1","100.00%","1","1","100.00%","","","","","","","","","","","","","","","","","","","","","","","","","","","","","","","","","","","","","","","","","","","","","","","","","","","","","","","","","","","","","","","","","","","","","","","","","Blocked","Block","Do not meet the qualification for follow-up tasks. The worker will be unblocked after the follow-up tasks end."
"A2QKKQA56N8KS4","https://requester.mturk.com/workers/A2QKKQA56N8KS4","1","1","100.00%","1","1","100.00%","1","1","100.00%","","","","","","","","","","","","","","","","","","","","","","","","","","","","","","","","","","","","","","","","","","","","","","","","","","","","","","","","","","","","","","","","","","","","","","","","","Blocked","Block","Do not meet the qualification for follow-up tasks. The worker will be unblocked after the follow-up tasks end."
"A2TZ7IH313CFE1","https://requester.mturk.com/workers/A2TZ7IH313CFE1","1","1","100.00%","1","1","100.00%","1","1","100.00%","","","","","","","","","","","","","","","","","","","","","","","","","","","","","","","","","","","","","","","","","","","","","","","","","","","","","","","","","","","","","","","","","","","","","","","","","Blocked","Block","Do not meet the qualification for follow-up tasks. The worker will be unblocked after the follow-up tasks end."
"A2UVGAF2KK0894","https://requester.mturk.com/workers/A2UVGAF2KK0894","1","1","100.00%","1","1","100.00%","1","1","100.00%","","","","","","","","","","","","","","","","","","","","","","","","","","","","","","","","","","","","","","","","","","","","","","","","","","","","","","","","","","","","","","","","","","","","","","","","","Blocked","Block","Do not meet the qualification for follow-up tasks. The worker will be unblocked after the follow-up tasks end."
"A2ZPIWKNHLR8KC","https://requester.mturk.com/workers/A2ZPIWKNHLR8KC","1","1","100.00%","1","1","100.00%","1","1","100.00%","","","","","","","","","","","","","","","","","","","","","","","","","","","","","","","","","","","","","","","","","","","","","","","","","","","","","","","","","","","","","","","","","","","","","","","","","Blocked","Block","Do not meet the qualification for follow-up tasks. The worker will be unblocked after the follow-up tasks end."
"A302512CBCH9X2","https://requester.mturk.com/workers/A302512CBCH9X2","1","1","100.00%","1","1","100.00%","1","1","100.00%","","","","","","","","","","","","","","","","","","","","","","","","","","","","","","","","","","","","","","","","","","","","","","","","","","","","","","","","","","","","","","","","","","","","","","","","","Blocked","Block","Do not meet the qualification for follow-up tasks. The worker will be unblocked after the follow-up tasks end."
"A30US88GBGBG0V","https://requester.mturk.com/workers/A30US88GBGBG0V","1","1","100.00%","1","1","100.00%","1","1","100.00%","","","","","","","","","","","","","","","","","","","","","","","","","","","","","","","","","","","","","","","","","","","","","","","","","","","","","","","","","","","","","","","","","","","","","","","","","Blocked","Block","Do not meet the qualification for follow-up tasks. The worker will be unblocked after the follow-up tasks end."
"A32Q6TNSAG4U3I","https://requester.mturk.com/workers/A32Q6TNSAG4U3I","1","1","100.00%","1","1","100.00%","1","1","100.00%","","","","","","","","","","","","","","","","","","","","","","","","","","","","","","","","","","","","","","","","","","","","","","","","","","","","","","","","","","","","","","","","","","","","","","","","","Blocked","Block","Do not meet the qualification for follow-up tasks. The worker will be unblocked after the follow-up tasks end."
"A33E4766E3QD","https://requester.mturk.com/workers/A33E4766E3QD","1","1","100.00%","1","1","100.00%","1","1","100.00%","","","","","","","","","","","","","","","","","","","","","","","","","","","","","","","","","","","","","","","","","","","","","","","","","","","","","","","","","","","","","","","","","","","","","","","","","Blocked","Block","Do not meet the qualification for follow-up tasks. The worker will be unblocked after the follow-up tasks end."
"A344SGRYVTUV41","https://requester.mturk.com/workers/A344SGRYVTUV41","1","1","100.00%","1","1","100.00%","1","1","100.00%","","","","","","","","","","","","","","","","","","","","","","","","","","","","","","","","","","","","","","","","","","","","","","","","","","","","","","","","","","","","","","","","","","","","","","","","","Blocked","Block","Do not meet the qualification for follow-up tasks. The worker will be unblocked after the follow-up tasks end."
"A36SU2WSQH4JQH","https://requester.mturk.com/workers/A36SU2WSQH4JQH","1","1","100.00%","1","1","100.00%","1","1","100.00%","","","","","","","","","","","","","","","","","","","","","","","","","","","","","","","","","","","","","","","","","","","","","","","","","","","","","","","","","","","","","","","","","","","","","","","","","Blocked","Block","Do not meet the qualification for follow-up tasks. The worker will be unblocked after the follow-up tasks end."
"A37MPHPHMGWFQB","https://requester.mturk.com/workers/A37MPHPHMGWFQB","1","1","100.00%","1","1","100.00%","1","1","100.00%","","","","","","","","","","","","","","","","","","","","","","","","","","","","","","","","","","","","","","","","","","","","","","","","","","","","","","","","","","","","","","","","","","","","","","","","","Blocked","Block","Do not meet the qualification for follow-up tasks. The worker will be unblocked after the follow-up tasks end."
"A37O5SYY9VWSPY","https://requester.mturk.com/workers/A37O5SYY9VWSPY","1","1","100.00%","1","1","100.00%","1","1","100.00%","","","","","","","","","","","","","","","","","","","","","","","","","","","","","","","","","","","","","","","","","","","","","","","","","","","","","","","","","","","","","","","","","","","","","","","","","Blocked","Block","Do not meet the qualification for follow-up tasks. The worker will be unblocked after the follow-up tasks end."
"A37XGTIC952YW4","https://requester.mturk.com/workers/A37XGTIC952YW4","1","1","100.00%","1","1","100.00%","1","1","100.00%","","","","","","","","","","","","","","","","","","","","","","","","","","","","","","","","","","","","","","","","","","","","","","","","","","","","","","","","","","","","","","","","","","","","","","","","","Blocked","Block","Do not meet the qualification for follow-up tasks. The worker will be unblocked after the follow-up tasks end."
"A3C5EDRV80P0CO","https://requester.mturk.com/workers/A3C5EDRV80P0CO","1","1","100.00%","1","1","100.00%","1","1","100.00%","","","","","","","","","","","","","","","","","","","","","","","","","","","","","","","","","","","","","","","","","","","","","","","","","","","","","","","","","","","","","","","","","","","","","","","","","Blocked","Block","Do not meet the qualification for follow-up tasks. The worker will be unblocked after the follow-up tasks end."
"A3CFADK3905MM0","https://requester.mturk.com/workers/A3CFADK3905MM0","1","1","100.00%","1","1","100.00%","1","1","100.00%","","","","","","","","","","","","","","","","","","","","","","","","","","","","","","","","","","","","","","","","","","","","","","","","","","","","","","","","","","","","","","","","","","","","","","","","","Blocked","Block","Do not meet the qualification for follow-up tasks. The worker will be unblocked after the follow-up tasks end."
"A3CLJU5MOOLA5L","https://requester.mturk.com/workers/A3CLJU5MOOLA5L","1","1","100.00%","1","1","100.00%","1","1","100.00%","","","","","","","","","","","","","","","","","","","","","","","","","","","","","","","","","","","","","","","","","","","","","","","","","","","","","","","","","","","","","","","","","","","","","","","","","Blocked","Block","Do not meet the qualification for follow-up tasks. The worker will be unblocked after the follow-up tasks end."
"A3CRRFF9J9ZTRO","https://requester.mturk.com/workers/A3CRRFF9J9ZTRO","1","1","100.00%","1","1","100.00%","1","1","100.00%","","","","","","","","","","","","","","","","","","","","","","","","","","","","","","","","","","","","","","","","","","","","","","","","","","","","","","","","","","","","","","","","","","","","","","","","","Blocked","Block","Do not meet the qualification for follow-up tasks. The worker will be unblocked after the follow-up tasks end."
"A3DDWZOH9DPSP9","https://requester.mturk.com/workers/A3DDWZOH9DPSP9","1","1","100.00%","1","1","100.00%","1","1","100.00%","","","","","","","","","","","","","","","","","","","","","","","","","","","","","","","","","","","","","","","","","","","","","","","","","","","","","","","","","","","","","","","","","","","","","","","","","Blocked","Block","Do not meet the qualification for follow-up tasks. The worker will be unblocked after the follow-up tasks end."
"A3DTTYTY970GGC","https://requester.mturk.com/workers/A3DTTYTY970GGC","1","1","100.00%","1","1","100.00%","1","1","100.00%","","","","","","","","","","","","","","","","","","","","","","","","","","","","","","","","","","","","","","","","","","","","","","","","","","","","","","","","","","","","","","","","","","","","","","","","","Blocked","Block","Do not meet the qualification for follow-up tasks. The worker will be unblocked after the follow-up tasks end."
"A3F19XZ6NM6AR7","https://requester.mturk.com/workers/A3F19XZ6NM6AR7","1","1","100.00%","1","1","100.00%","1","1","100.00%","","","","","","","","","","","","","","","","","","","","","","","","","","","","","","","","","","","","","","","","","","","","","","","","","","","","","","","","","","","","","","","","","","","","","","","","","Blocked","Block","Do not meet the qualification for follow-up tasks. The worker will be unblocked after the follow-up tasks end."
"A3FHVHURR4H6V1","https://requester.mturk.com/workers/A3FHVHURR4H6V1","1","1","100.00%","1","1","100.00%","1","1","100.00%","","","","","","","","","","","","","","","","","","","","","","","","","","","","","","","","","","","","","","","","","","","","","","","","","","","","","","","","","","","","","","","","","","","","","","","","","Blocked","Block","Do not meet the qualification for follow-up tasks. The worker will be unblocked after the follow-up tasks end."
"A3FZLNLVMRPO5Y","https://requester.mturk.com/workers/A3FZLNLVMRPO5Y","1","1","100.00%","1","1","100.00%","1","1","100.00%","","","","","","","","","","","","","","","","","","","","","","","","","","","","","","","","","","","","","","","","","","","","","","","","","","","","","","","","","","","","","","","","","","","","","","","","","Blocked","Block","Do not meet the qualification for follow-up tasks. The worker will be unblocked after the follow-up tasks end."
"A3GPHENAT5DWHG","https://requester.mturk.com/workers/A3GPHENAT5DWHG","1","1","100.00%","1","1","100.00%","1","1","100.00%","","","","","","","","","","","","","","","","","","","","","","","","","","","","","","","","","","","","","","","","","","","","","","","","","","","","","","","","","","","","","","","","","","","","","","","","","Blocked","Block","Do not meet the qualification for follow-up tasks. The worker will be unblocked after the follow-up tasks end."
"A3HMJTA2S4Q3NQ","https://requester.mturk.com/workers/A3HMJTA2S4Q3NQ","1","1","100.00%","1","1","100.00%","1","1","100.00%","","","","","","","","","","","","","","","","","","","","","","","","","","","","","","","","","","","","","","","","","","","","","","","","","","","","","","","","","","","","","","","","","","","","","","","","","Blocked","Block","Do not meet the qualification for follow-up tasks. The worker will be unblocked after the follow-up tasks end."
"A3J9L1OHJ07VAO","https://requester.mturk.com/workers/A3J9L1OHJ07VAO","1","1","100.00%","1","1","100.00%","1","1","100.00%","","","","","","","","","","","","","","","","","","","","","","","","","","","","","","","","","","","","","","","","","","","","","","","","","","","","","","","","","","","","","","","","","","","","","","","","","Blocked","Block","Do not meet the qualification for follow-up tasks. The worker will be unblocked after the follow-up tasks end."
"A3JC5R5HMP1XSA","https://requester.mturk.com/workers/A3JC5R5HMP1XSA","1","1","100.00%","1","1","100.00%","1","1","100.00%","","","","","","","","","","","","","","","","","","","","","","","","","","","","","","","","","","","","","","","","","","","","","","","","","","","","","","","","","","","","","","","","","","","","","","","","","Blocked","Block","Do not meet the qualification for follow-up tasks. The worker will be unblocked after the follow-up tasks end."
"A3K72W67MBZ0AF","https://requester.mturk.com/workers/A3K72W67MBZ0AF","1","1","100.00%","1","1","100.00%","1","1","100.00%","","","","","","","","","","","","","","","","","","","","","","","","","","","","","","","","","","","","","","","","","","","","","","","","","","","","","","","","","","","","","","","","","","","","","","","","","Blocked","Block","Do not meet the qualification for follow-up tasks. The worker will be unblocked after the follow-up tasks end."
"A3K7CO1BSDRQ84","https://requester.mturk.com/workers/A3K7CO1BSDRQ84","1","1","100.00%","1","1","100.00%","1","1","100.00%","","","","","","","","","","","","","","","","","","","","","","","","","","","","","","","","","","","","","","","","","","","","","","","","","","","","","","","","","","","","","","","","","","","","","","","","","Blocked","Block","Do not meet the qualification for follow-up tasks. The worker will be unblocked after the follow-up tasks end."
"A3LDQA6YZGV6NK","https://requester.mturk.com/workers/A3LDQA6YZGV6NK","1","1","100.00%","1","1","100.00%","1","1","100.00%","","","","","","","","","","","","","","","","","","","","","","","","","","","","","","","","","","","","","","","","","","","","","","","","","","","","","","","","","","","","","","","","","","","","","","","","","Blocked","Block","Do not meet the qualification for follow-up tasks. The worker will be unblocked after the follow-up tasks end."
"A3MIV3GTJEQ9QP","https://requester.mturk.com/workers/A3MIV3GTJEQ9QP","1","1","100.00%","1","1","100.00%","1","1","100.00%","","","","","","","","","","","","","","","","","","","","","","","","","","","","","","","","","","","","","","","","","","","","","","","","","","","","","","","","","","","","","","","","","","","","","","","","","Blocked","Block","Do not meet the qualification for follow-up tasks. The worker will be unblocked after the follow-up tasks end."
"A3N5462QAZ9V6T","https://requester.mturk.com/workers/A3N5462QAZ9V6T","1","1","100.00%","1","1","100.00%","1","1","100.00%","","","","","","","","","","","","","","","","","","","","","","","","","","","","","","","","","","","","","","","","","","","","","","","","","","","","","","","","","","","","","","","","","","","","","","","","","Blocked","Block","Do not meet the qualification for follow-up tasks. The worker will be unblocked after the follow-up tasks end."
"A3N5TCHRPQF6P","https://requester.mturk.com/workers/A3N5TCHRPQF6P","1","1","100.00%","1","1","100.00%","1","1","100.00%","","","","","","","","","","","","","","","","","","","","","","","","","","","","","","","","","","","","","","","","","","","","","","","","","","","","","","","","","","","","","","","","","","","","","","","","","Blocked","Block","Do not meet the qualification for follow-up tasks. The worker will be unblocked after the follow-up tasks end."
"A3OMRMNTOU7QXI","https://requester.mturk.com/workers/A3OMRMNTOU7QXI","1","1","100.00%","1","1","100.00%","1","1","100.00%","","","","","","","","","","","","","","","","","","","","","","","","","","","","","","","","","","","","","","","","","","","","","","","","","","","","","","","","","","","","","","","","","","","","","","","","","Blocked","Block","Do not meet the qualification for follow-up tasks. The worker will be unblocked after the follow-up tasks end."
"A3PSIT0A7OU2FL","https://requester.mturk.com/workers/A3PSIT0A7OU2FL","1","1","100.00%","1","1","100.00%","1","1","100.00%","","","","","","","","","","","","","","","","","","","","","","","","","","","","","","","","","","","","","","","","","","","","","","","","","","","","","","","","","","","","","","","","","","","","","","","","","Blocked","Block","Do not meet the qualification for follow-up tasks. The worker will be unblocked after the follow-up tasks end."
"A3Q2SVJQJIC8CE","https://requester.mturk.com/workers/A3Q2SVJQJIC8CE","1","1","100.00%","1","1","100.00%","1","1","100.00%","","","","","","","","","","","","","","","","","","","","","","","","","","","","","","","","","","","","","","","","","","","","","","","","","","","","","","","","","","","","","","","","","","","","","","","","","Blocked","Block","Do not meet the qualification for follow-up tasks. The worker will be unblocked after the follow-up tasks end."
"A3QJ8GCXBF3QH7","https://requester.mturk.com/workers/A3QJ8GCXBF3QH7","1","1","100.00%","1","1","100.00%","1","1","100.00%","","","","","","","","","","","","","","","","","","","","","","","","","","","","","","","","","","","","","","","","","","","","","","","","","","","","","","","","","","","","","","","","","","","","","","","","","Blocked","Block","Do not meet the qualification for follow-up tasks. The worker will be unblocked after the follow-up tasks end."
"A3RWDYQD1331VH","https://requester.mturk.com/workers/A3RWDYQD1331VH","1","1","100.00%","1","1","100.00%","1","1","100.00%","","","","","","","","","","","","","","","","","","","","","","","","","","","","","","","","","","","","","","","","","","","","","","","","","","","","","","","","","","","","","","","","","","","","","","","","","Blocked","Block","Do not meet the qualification for follow-up tasks. The worker will be unblocked after the follow-up tasks end."
"A3T00CY2PTYDAW","https://requester.mturk.com/workers/A3T00CY2PTYDAW","1","1","100.00%","1","1","100.00%","1","1","100.00%","","","","","","","","","","","","","","","","","","","","","","","","","","","","","","","","","","","","","","","","","","","","","","","","","","","","","","","","","","","","","","","","","","","","","","","","","Blocked","Block","Do not meet the qualification for follow-up tasks. The worker will be unblocked after the follow-up tasks end."
"A3TKUXUTDX6FBF","https://requester.mturk.com/workers/A3TKUXUTDX6FBF","1","1","100.00%","1","1","100.00%","1","1","100.00%","","","","","","","","","","","","","","","","","","","","","","","","","","","","","","","","","","","","","","","","","","","","","","","","","","","","","","","","","","","","","","","","","","","","","","","","","Blocked","Block","Do not meet the qualification for follow-up tasks. The worker will be unblocked after the follow-up tasks end."
"A41VIGPOYTFUH","https://requester.mturk.com/workers/A41VIGPOYTFUH","1","1","100.00%","1","1","100.00%","1","1","100.00%","","","","","","","","","","","","","","","","","","","","","","","","","","","","","","","","","","","","","","","","","","","","","","","","","","","","","","","","","","","","","","","","","","","","","","","","","Blocked","Block","Do not meet the qualification for follow-up tasks. The worker will be unblocked after the follow-up tasks end."
"A4PFF3LK637YM","https://requester.mturk.com/workers/A4PFF3LK637YM","1","1","100.00%","1","1","100.00%","1","1","100.00%","","","","","","","","","","","","","","","","","","","","","","","","","","","","","","","","","","","","","","","","","","","","","","","","","","","","","","","","","","","","","","","","","","","","","","","","","Blocked","Block","Do not meet the qualification for follow-up tasks. The worker will be unblocked after the follow-up tasks end."
"A4V8G43TEWKER","https://requester.mturk.com/workers/A4V8G43TEWKER","1","1","100.00%","1","1","100.00%","1","1","100.00%","","","","","","","","","","","","","","","","","","","","","","","","","","","","","","","","","","","","","","","","","","","","","","","","","","","","","","","","","","","","","","","","","","","","","","","","","Blocked","Block","Do not meet the qualification for follow-up tasks. The worker will be unblocked after the follow-up tasks end."
"A4X9Z8DZIW3","https://requester.mturk.com/workers/A4X9Z8DZIW3","1","1","100.00%","1","1","100.00%","1","1","100.00%","","","","","","","","","","","","","","","","","","","","","","","","","","","","","","","","","","","","","","","","","","","","","","","","","","","","","","","","","","","","","","","","","","","","","","","","","Blocked","Block","Do not meet the qualification for follow-up tasks. The worker will be unblocked after the follow-up tasks end."
"A654E8ZVRD6GM","https://requester.mturk.com/workers/A654E8ZVRD6GM","1","1","100.00%","1","1","100.00%","1","1","100.00%","","","","","","","","","","","","","","","","","","","","","","","","","","","","","","","","","","","","","","","","","","","","","","","","","","","","","","","","","","","","","","","","","","","","","","","","","Blocked","Block","Do not meet the qualification for follow-up tasks. The worker will be unblocked after the follow-up tasks end."
"A746183X8258H","https://requester.mturk.com/workers/A746183X8258H","1","1","100.00%","1","1","100.00%","1","1","100.00%","","","","","","","","","","","","","","","","","","","","","","","","","","","","","","","","","","","","","","","","","","","","","","","","","","","","","","","","","","","","","","","","","","","","","","","","","Blocked","Block","Do not meet the qualification for follow-up tasks. The worker will be unblocked after the follow-up tasks end."
"A7J4Y6FOPZ8YV","https://requester.mturk.com/workers/A7J4Y6FOPZ8YV","1","1","100.00%","1","1","100.00%","1","1","100.00%","","","","","","","","","","","","","","","","","","","","","","","","","","","","","","","","","","","","","","","","","","","","","","","","","","","","","","","","","","","","","","","","","","","","","","","","","Blocked","Block","Do not meet the qualification for follow-up tasks. The worker will be unblocked after the follow-up tasks end."
"A9E9Y0LEAYO4V","https://requester.mturk.com/workers/A9E9Y0LEAYO4V","1","1","100.00%","1","1","100.00%","1","1","100.00%","","","","","","","","","","","","","","","","","","","","","","","","","","","","","","","","","","","","","","","","","","","","","","","","","","","","","","","","","","","","","","","","","","","","","","","","","Blocked","Block","Do not meet the qualification for follow-up tasks. The worker will be unblocked after the follow-up tasks end."
"AACQ1P1IWRQXL","https://requester.mturk.com/workers/AACQ1P1IWRQXL","1","1","100.00%","1","1","100.00%","1","1","100.00%","","","","","","","","","","","","","","","","","","","","","","","","","","","","","","","","","","","","","","","","","","","","","","","","","","","","","","","","","","","","","","","","","","","","","","","","","Blocked","Block","Do not meet the qualification for follow-up tasks. The worker will be unblocked after the follow-up tasks end."
"AAJ121M08S5KD","https://requester.mturk.com/workers/AAJ121M08S5KD","1","1","100.00%","1","1","100.00%","1","1","100.00%","","","","","","","","","","","","","","","","","","","","","","","","","","","","","","","","","","","","","","","","","","","","","","","","","","","","","","","","","","","","","","","","","","","","","","","","","Blocked","Block","Do not meet the qualification for follow-up tasks. The worker will be unblocked after the follow-up tasks end."
"ABRU6XODRFXB5","https://requester.mturk.com/workers/ABRU6XODRFXB5","1","1","100.00%","1","1","100.00%","1","1","100.00%","","","","","","","","","","","","","","","","","","","","","","","","","","","","","","","","","","","","","","","","","","","","","","","","","","","","","","","","","","","","","","","","","","","","","","","","","Blocked","Block","Do not meet the qualification for follow-up tasks. The worker will be unblocked after the follow-up tasks end."
"ACJ8NDBQ6PHHR","https://requester.mturk.com/workers/ACJ8NDBQ6PHHR","1","1","100.00%","1","1","100.00%","1","1","100.00%","","","","","","","","","","","","","","","","","","","","","","","","","","","","","","","","","","","","","","","","","","","","","","","","","","","","","","","","","","","","","","","","","","","","","","","","","Blocked","Block","Do not meet the qualification for follow-up tasks. The worker will be unblocked after the follow-up tasks end."
"ACKF1WBCKVLY3","https://requester.mturk.com/workers/ACKF1WBCKVLY3","1","1","100.00%","1","1","100.00%","1","1","100.00%","","","","","","","","","","","","","","","","","","","","","","","","","","","","","","","","","","","","","","","","","","","","","","","","","","","","","","","","","","","","","","","","","","","","","","","","","Blocked","Block","Do not meet the qualification for follow-up tasks. The worker will be unblocked after the follow-up tasks end."
"ACZY7EMNLRDUX","https://requester.mturk.com/workers/ACZY7EMNLRDUX","1","1","100.00%","1","1","100.00%","1","1","100.00%","","","","","","","","","","","","","","","","","","","","","","","","","","","","","","","","","","","","","","","","","","","","","","","","","","","","","","","","","","","","","","","","","","","","","","","","","Blocked","Block","Do not meet the qualification for follow-up tasks. The worker will be unblocked after the follow-up tasks end."
"ADVCIFLB5A9B","https://requester.mturk.com/workers/ADVCIFLB5A9B","1","1","100.00%","1","1","100.00%","1","1","100.00%","","","","","","","","","","","","","","","","","","","","","","","","","","","","","","","","","","","","","","","","","","","","","","","","","","","","","","","","","","","","","","","","","","","","","","","","","Blocked","Block","Do not meet the qualification for follow-up tasks. The worker will be unblocked after the follow-up tasks end."
"AE7V5Q6DX17T","https://requester.mturk.com/workers/AE7V5Q6DX17T","1","1","100.00%","1","1","100.00%","1","1","100.00%","","","","","","","","","","","","","","","","","","","","","","","","","","","","","","","","","","","","","","","","","","","","","","","","","","","","","","","","","","","","","","","","","","","","","","","","","Blocked","Block","Do not meet the qualification for follow-up tasks. The worker will be unblocked after the follow-up tasks end."
"AEKJO42PHS7RI","https://requester.mturk.com/workers/AEKJO42PHS7RI","1","1","100.00%","1","1","100.00%","1","1","100.00%","","","","","","","","","","","","","","","","","","","","","","","","","","","","","","","","","","","","","","","","","","","","","","","","","","","","","","","","","","","","","","","","","","","","","","","","","Blocked","Block","Do not meet the qualification for follow-up tasks. The worker will be unblocked after the follow-up tasks end."
"AGJTTK50503VZ","https://requester.mturk.com/workers/AGJTTK50503VZ","1","1","100.00%","1","1","100.00%","1","1","100.00%","","","","","","","","","","","","","","","","","","","","","","","","","","","","","","","","","","","","","","","","","","","","","","","","","","","","","","","","","","","","","","","","","","","","","","","","","Blocked","Block","Do not meet the qualification for follow-up tasks. The worker will be unblocked after the follow-up tasks end."
"AH3W6E7W1EU0D","https://requester.mturk.com/workers/AH3W6E7W1EU0D","1","1","100.00%","1","1","100.00%","1","1","100.00%","","","","","","","","","","","","","","","","","","","","","","","","","","","","","","","","","","","","","","","","","","","","","","","","","","","","","","","","","","","","","","","","","","","","","","","","","Blocked","Block","Do not meet the qualification for follow-up tasks. The worker will be unblocked after the follow-up tasks end."
"AH9NHR1PJODG1","https://requester.mturk.com/workers/AH9NHR1PJODG1","1","1","100.00%","1","1","100.00%","1","1","100.00%","","","","","","","","","","","","","","","","","","","","","","","","","","","","","","","","","","","","","","","","","","","","","","","","","","","","","","","","","","","","","","","","","","","","","","","","","Blocked","Block","Do not meet the qualification for follow-up tasks. The worker will be unblocked after the follow-up tasks end."
"AHFEDGGIOG8DK","https://requester.mturk.com/workers/AHFEDGGIOG8DK","1","1","100.00%","1","1","100.00%","1","1","100.00%","","","","","","","","","","","","","","","","","","","","","","","","","","","","","","","","","","","","","","","","","","","","","","","","","","","","","","","","","","","","","","","","","","","","","","","","","Blocked","Block","Do not meet the qualification for follow-up tasks. The worker will be unblocked after the follow-up tasks end."
"AI6FQANOH41ZM","https://requester.mturk.com/workers/AI6FQANOH41ZM","1","1","100.00%","1","1","100.00%","1","1","100.00%","","","","","","","","","","","","","","","","","","","","","","","","","","","","","","","","","","","","","","","","","","","","","","","","","","","","","","","","","","","","","","","","","","","","","","","","","Blocked","Block","Do not meet the qualification for follow-up tasks. The worker will be unblocked after the follow-up tasks end."
"AIIHUC6DCPZAR","https://requester.mturk.com/workers/AIIHUC6DCPZAR","1","1","100.00%","1","1","100.00%","1","1","100.00%","","","","","","","","","","","","","","","","","","","","","","","","","","","","","","","","","","","","","","","","","","","","","","","","","","","","","","","","","","","","","","","","","","","","","","","","","Blocked","Block","Do not meet the qualification for follow-up tasks. The worker will be unblocked after the follow-up tasks end."
"AJTHGXBMZJ3HE","https://requester.mturk.com/workers/AJTHGXBMZJ3HE","1","1","100.00%","1","1","100.00%","1","1","100.00%","","","","","","","","","","","","","","","","","","","","","","","","","","","","","","","","","","","","","","","","","","","","","","","","","","","","","","","","","","","","","","","","","","","","","","","","","Blocked","Block","Do not meet the qualification for follow-up tasks. The worker will be unblocked after the follow-up tasks end."
"AK6QFFFGHAWE6","https://requester.mturk.com/workers/AK6QFFFGHAWE6","1","1","100.00%","1","1","100.00%","1","1","100.00%","","","","","","","","","","","","","","","","","","","","","","","","","","","","","","","","","","","","","","","","","","","","","","","","","","","","","","","","","","","","","","","","","","","","","","","","","Blocked","Block","Do not meet the qualification for follow-up tasks. The worker will be unblocked after the follow-up tasks end."
"AKH3FBPEXXT51","https://requester.mturk.com/workers/AKH3FBPEXXT51","1","1","100.00%","1","1","100.00%","1","1","100.00%","","","","","","","","","","","","","","","","","","","","","","","","","","","","","","","","","","","","","","","","","","","","","","","","","","","","","","","","","","","","","","","","","","","","","","","","","Blocked","Block","Do not meet the qualification for follow-up tasks. The worker will be unblocked after the follow-up tasks end."
"ALJU932AER3OI","https://requester.mturk.com/workers/ALJU932AER3OI","1","1","100.00%","1","1","100.00%","1","1","100.00%","","","","","","","","","","","","","","","","","","","","","","","","","","","","","","","","","","","","","","","","","","","","","","","","","","","","","","","","","","","","","","","","","","","","","","","","","Blocked","Block","Do not meet the qualification for follow-up tasks. The worker will be unblocked after the follow-up tasks end."
"AMEO4HBYM9LDY","https://requester.mturk.com/workers/AMEO4HBYM9LDY","1","1","100.00%","1","1","100.00%","1","1","100.00%","","","","","","","","","","","","","","","","","","","","","","","","","","","","","","","","","","","","","","","","","","","","","","","","","","","","","","","","","","","","","","","","","","","","","","","","","Blocked","Block","Do not meet the qualification for follow-up tasks. The worker will be unblocked after the follow-up tasks end."
"AMI31VBU7ZX6Q","https://requester.mturk.com/workers/AMI31VBU7ZX6Q","1","1","100.00%","1","1","100.00%","1","1","100.00%","","","","","","","","","","","","","","","","","","","","","","","","","","","","","","","","","","","","","","","","","","","","","","","","","","","","","","","","","","","","","","","","","","","","","","","","","Blocked","Block","Do not meet the qualification for follow-up tasks. The worker will be unblocked after the follow-up tasks end."
"AN738HXJ1TH8N","https://requester.mturk.com/workers/AN738HXJ1TH8N","1","1","100.00%","1","1","100.00%","1","1","100.00%","","","","","","","","","","","","","","","","","","","","","","","","","","","","","","","","","","","","","","","","","","","","","","","","","","","","","","","","","","","","","","","","","","","","","","","","","Blocked","Block","Do not meet the qualification for follow-up tasks. The worker will be unblocked after the follow-up tasks end."
"AOBO2UBJ4M7ET","https://requester.mturk.com/workers/AOBO2UBJ4M7ET","1","1","100.00%","1","1","100.00%","1","1","100.00%","","","","","","","","","","","","","","","","","","","","","","","","","","","","","","","","","","","","","","","","","","","","","","","","","","","","","","","","","","","","","","","","","","","","","","","","","Blocked","Block","Do not meet the qualification for follow-up tasks. The worker will be unblocked after the follow-up tasks end."
"AOK5QT1QFHEOK","https://requester.mturk.com/workers/AOK5QT1QFHEOK","1","1","100.00%","1","1","100.00%","1","1","100.00%","","","","","","","","","","","","","","","","","","","","","","","","","","","","","","","","","","","","","","","","","","","","","","","","","","","","","","","","","","","","","","","","","","","","","","","","","Blocked","Block","Do not meet the qualification for follow-up tasks. The worker will be unblocked after the follow-up tasks end."
"AOYQ6FLVQO6JJ","https://requester.mturk.com/workers/AOYQ6FLVQO6JJ","1","1","100.00%","1","1","100.00%","1","1","100.00%","","","","","","","","","","","","","","","","","","","","","","","","","","","","","","","","","","","","","","","","","","","","","","","","","","","","","","","","","","","","","","","","","","","","","","","","","Blocked","Block","Do not meet the qualification for follow-up tasks. The worker will be unblocked after the follow-up tasks end."
"APF1EAZT104LQ","https://requester.mturk.com/workers/APF1EAZT104LQ","1","1","100.00%","1","1","100.00%","1","1","100.00%","","","","","","","","","","","","","","","","","","","","","","","","","","","","","","","","","","","","","","","","","","","","","","","","","","","","","","","","","","","","","","","","","","","","","","","","","Blocked","Block","Do not meet the qualification for follow-up tasks. The worker will be unblocked after the follow-up tasks end."
"APKO12PP5J5LW","https://requester.mturk.com/workers/APKO12PP5J5LW","1","1","100.00%","1","1","100.00%","1","1","100.00%","","","","","","","","","","","","","","","","","","","","","","","","","","","","","","","","","","","","","","","","","","","","","","","","","","","","","","","","","","","","","","","","","","","","","","","","","Blocked","Block","Do not meet the qualification for follow-up tasks. The worker will be unblocked after the follow-up tasks end."
"AQ8J14431IR7Z","https://requester.mturk.com/workers/AQ8J14431IR7Z","1","1","100.00%","1","1","100.00%","1","1","100.00%","","","","","","","","","","","","","","","","","","","","","","","","","","","","","","","","","","","","","","","","","","","","","","","","","","","","","","","","","","","","","","","","","","","","","","","","","Blocked","Block","Do not meet the qualification for follow-up tasks. The worker will be unblocked after the follow-up tasks end."
"AQFFLBXV8P2TC","https://requester.mturk.com/workers/AQFFLBXV8P2TC","1","1","100.00%","1","1","100.00%","1","1","100.00%","","","","","","","","","","","","","","","","","","","","","","","","","","","","","","","","","","","","","","","","","","","","","","","","","","","","","","","","","","","","","","","","","","","","","","","","","Blocked","Block","Do not meet the qualification for follow-up tasks. The worker will be unblocked after the follow-up tasks end."
"AREN4CBY7BHUF","https://requester.mturk.com/workers/AREN4CBY7BHUF","1","1","100.00%","1","1","100.00%","1","1","100.00%","","","","","","","","","","","","","","","","","","","","","","","","","","","","","","","","","","","","","","","","","","","","","","","","","","","","","","","","","","","","","","","","","","","","","","","","","Blocked","Block","Do not meet the qualification for follow-up tasks. The worker will be unblocked after the follow-up tasks end."
"ASC0F4W1UMR3R","https://requester.mturk.com/workers/ASC0F4W1UMR3R","1","1","100.00%","1","1","100.00%","1","1","100.00%","","","","","","","","","","","","","","","","","","","","","","","","","","","","","","","","","","","","","","","","","","","","","","","","","","","","","","","","","","","","","","","","","","","","","","","","","Blocked","Block","Do not meet the qualification for follow-up tasks. The worker will be unblocked after the follow-up tasks end."
"AUFIJSWMX9MZI","https://requester.mturk.com/workers/AUFIJSWMX9MZI","1","1","100.00%","1","1","100.00%","1","1","100.00%","","","","","","","","","","","","","","","","","","","","","","","","","","","","","","","","","","","","","","","","","","","","","","","","","","","","","","","","","","","","","","","","","","","","","","","","","Blocked","Block","Do not meet the qualification for follow-up tasks. The worker will be unblocked after the follow-up tasks end."
"AVJB18UOK0AWT","https://requester.mturk.com/workers/AVJB18UOK0AWT","1","1","100.00%","1","1","100.00%","1","1","100.00%","","","","","","","","","","","","","","","","","","","","","","","","","","","","","","","","","","","","","","","","","","","","","","","","","","","","","","","","","","","","","","","","","","","","","","","","","Blocked","Block","Do not meet the qualification for follow-up tasks. The worker will be unblocked after the follow-up tasks end."
"AVLZVLVL2X60","https://requester.mturk.com/workers/AVLZVLVL2X60","1","1","100.00%","1","1","100.00%","1","1","100.00%","","","","","","","","","","","","","","","","","","","","","","","","","","","","","","","","","","","","","","","","","","","","","","","","","","","","","","","","","","","","","","","","","","","","","","","","","Blocked","Block","Do not meet the qualification for follow-up tasks. The worker will be unblocked after the follow-up tasks end."
"AWIVX59AEP746","https://requester.mturk.com/workers/AWIVX59AEP746","1","1","100.00%","1","1","100.00%","1","1","100.00%","","","","","","","","","","","","","","","","","","","","","","","","","","","","","","","","","","","","","","","","","","","","","","","","","","","","","","","","","","","","","","","","","","","","","","","","","Blocked","Block","Do not meet the qualification for follow-up tasks. The worker will be unblocked after the follow-up tasks end."
"AWP3NEK6KILGW","https://requester.mturk.com/workers/AWP3NEK6KILGW","1","1","100.00%","1","1","100.00%","1","1","100.00%","","","","","","","","","","","","","","","","","","","","","","","","","","","","","","","","","","","","","","","","","","","","","","","","","","","","","","","","","","","","","","","","","","","","","","","","","Blocked","Block","Do not meet the qualification for follow-up tasks. The worker will be unblocked after the follow-up tasks end."
"AX4U4ZJJQKKMS","https://requester.mturk.com/workers/AX4U4ZJJQKKMS","1","1","100.00%","1","1","100.00%","1","1","100.00%","","","","","","","","","","","","","","","","","","","","","","","","","","","","","","","","","","","","","","","","","","","","","","","","","","","","","","","","","","","","","","","","","","","","","","","","","Blocked","Block","Do not meet the qualification for follow-up tasks. The worker will be unblocked after the follow-up tasks end."
"AXAXLC0TXQ0QW","https://requester.mturk.com/workers/AXAXLC0TXQ0QW","1","1","100.00%","1","1","100.00%","1","1","100.00%","","","","","","","","","","","","","","","","","","","","","","","","","","","","","","","","","","","","","","","","","","","","","","","","","","","","","","","","","","","","","","","","","","","","","","","","","Blocked","Block","Do not meet the qualification for follow-up tasks. The worker will be unblocked after the follow-up tasks end."
"AZPJUBGJZ3BT4","https://requester.mturk.com/workers/AZPJUBGJZ3BT4","1","1","100.00%","1","1","100.00%","1","1","100.00%","","","","","","","","","","","","","","","","","","","","","","","","","","","","","","","","","","","","","","","","","","","","","","","","","","","","","","","","","","","","","","","","","","","","","","","","","Blocked","Block","Do not meet the qualification for follow-up tasks. The worker will be unblocked after the follow-up tasks end."