sentence ID,original,translated,untranslated word,cs indices in original,cs indices in translated,punct indices in original,punct indices in translated
0,全新 的 baby safety mirror ， 可以 看到 坐在 rear face seat 上 小孩 的 情况 ， $5 。,全新 的 儿童 安全 镜 ， 可以 看到 坐在 儿童 安全 座椅 上 小孩 的 情况 ， $5 。,[],[2_3_4_5_9_10_11],[2_3_4_5_9_10_11],[5_16_18],[5_16_17_18]
1,床头 桌 night stand$10,床头 桌 床头柜 $ 10,[],[2_3],[2_3_4],,[3]
2,小 蜡烛 一 盒 a box of little candles$2,小 蜡烛 一 盒 一 小盒 蜡烛 $ 2,[],[4_5_6_7_8],[5_8],,[7]
3,三 个 帽子 three hats$5 in total,三 个 帽子 三 个 帽子 总共 $ 5,[],[3_4_5_6],[6_7_8],,[7]
4,全程 dealer 保养 ， 没 出 过 任何 毛病 ， 非常 省 油 省心 。,全程 卖家 保养 ， 没 出 过 任何 毛病 ， 非常 省 油 省心 。,[],[1],[1],[3_9_14],[3_9_14]
5,垃圾 桶 上 有 penn state 校徽,垃圾 桶 上 有 宾州 州立 校徽,[],[4_5],[4_5]
6,咖啡 机 hamilton beach one cup coffee,咖啡 机 汉密尔顿 碧池 一 杯 大小 咖啡机,[],[2_3_4_5_6],[2_3_4_5_6_7]
7,补充 ： jeep 带有 按键 启动 、 遥控 启动 功能 。,补充 ： 吉普 带有 按键 启动 、 遥控 启动 功能 。,[],[2],[2],[1_6_10],[1_6_10]
9,求 一 张 成色 比较 新 的 queen size 的 木头 床 。,求 一 张 成色 比较 新 的 大号 的 木头 床 。,[],[7_8],[7],[12],[11]
10,地址 在 squirrel hill ， 请 联系 电话 pn-0 .,地址 在 松鼠山 ， 请 联系 电话 pn-0 .,[],[2_3_4],[2_3],[4_8_9],[3_7_8]
11,坐 几 站 bus 就 能 到 giant eagle ；,坐 几 站 公交 就 能 到 大老鹰 ；,[],[3_7_8_9],[3_7_8],[9],[8]
12,本人 因 做 毕业 论文 离开 匹兹堡 现 出售 自己 的 buick century 。,本人 因 做 毕业 论文 离开 匹兹堡 现 出售 自己 的 别克 世纪 。,[],[11_12_13],[11_12_13],[13],[13]
13,google drive 地址 ：,谷歌 云 盘 地址 ：,[],[0_1],[0_1_2],[3],[4]
14,hello ~ 下面 先 列 个 列表 ， 包括 物品 、 价格 、 赠品 。,嘿 ~ 下面 先 列 个 列表 ， 包括 物品 、 价格 、 赠品 。,[],[0_1],[0_1],[1_7_10_12_14],[1_7_10_12_14]
15,up up up up 自己 up 一下 ~,顶顶 顶顶 自己 顶 一下 ~,[],[0_1_2_3_5],[0_1_3],[7],[5]
16,up up up up up up 一下 自己 ~,顶顶顶 顶顶 一下 自己 ~,[],[0_1_2_3_4_5],[0_1],[8],[4]
17,这个 amazon 上 的 链接 ，,这个 亚马逊 上 的 链接 ，,[],[1],[1],[5],[5]
18,价格 、 照片 、 联系 方式 ， 请 看 google docs 文件 ：,价格 、 照片 、 联系 方式 ， 请 看 谷歌 文档 文件 ：,[],[9_10],[9_10],[1_3_6_12],[1_3_6_12]
19,nine west tote bag 全 新 $25,玖熙 手包 全 新 $25,[],[0_1_2_3],[0_1],,[4]
21,blender ： 原价 $ 39 .,搅拌机 ： 原价 $ 39 .,[],[0_1],[0_1_4_5],[1_3_5],[1_3_5]
22,tx-instrument financial instrument : actuarial exam fm/mle : 原价 84 .,tx-instrument 金融 用品 : 精算 考试 : 原价 84 .,[],[0_1_2_3_4_5_6_7],[0_1_2_3_4_5_6_8_9],[3_7_10],[0_3_6_9]
23,照片 请 看 下边 google drive 的 链接 ：,照片 请 看 下边 谷歌 云 盘 的 链接 ：,[],[4_5],[4_5_6],[8],[9]
24,出 闲置 ， 有 兴趣 请 email 联系,出 闲置 ， 有 兴趣 请 电子 邮件 联系,[],[6],[6_7],[2],[2]
25,车子 状况 非常 好 ， clean title ， 无 事故 ， 省心 省 油 。,车子 状况 非常 好 ， 干净 标题 ， 无 事故 ， 省心 省 油 。,[],[5_6_7],[5_6_7],[4_7_10_14],[4_7_10_14]
26,红色 ， 第一 任 车主 ， clean title ， 基本 配置 。,红色 ， 第一 任 车主 ， 干净 标题 ， 基本 配置 。,[],[6_7_8],[6_7_8],[1_5_8_11],[1_5_8_11]
28,电梯 直达 [ url = ] [/url ],电梯 直达 [ 统一 资源 定位 符 = ] [ / 统一 资源 定位符 ],[],[3_4_5_6_7],[3_4_5_6_7_8_9_10_11_12_13_14],[2_4_5_7],[2_7_8_9_10_14]
29,king size king size king size 床,超大号 超大号 超大号 的 床,[],[0_1_2_3_4_5],[0_1_2_3]
30,queen size size size 床,大号 的 床,[],[0_1_2_3],[0_1]
31,一 张 work bench ;,一 张 工作台 ;,[],[2_3_4],[2_3],[4],[3]
32,邮箱 wood em@0,邮箱 wood em@0,[wood],[1_2],[1_2],[2],[2]
33,楼 主 你 是 不 是 在 sq hill ？,楼 主 你 是 不 是 在 松鼠山 ？,[],[7_8_9],[7_8],[9],[8]
35,没有 任何 故障 ， 车辆 非常 省心 ， 非常 reliable 。,没有 任何 故障 ， 车辆 非常 省心 ， 非常 可靠 。,[],[9_10],[9_10],[3_7_10],[3_7_10]
36,大家 好 ， 我 是 匹 大学生 ， 希望 加入 一 个 手机 的 family plan 。,大家 好 ， 我 是 匹 大学生 ， 希望 加入 一 个 手机 的 家庭 套餐 。,[],[14_15_16],[14_15_16],[2_7_16],[2_7_16]
37,cell : pn-1 ( 电话 或 短信 均 可 ),电话 : pn-1 ( 电话 或 短信 均 可 ),[],[0_1_2_3],[],[1_2_3_9],[1_2_3_9]
39,clean title ， 随时 可 交 车,干净 标题 ， 随时 可 交 车,[],[0_1_2],[0_1_2],[2],[2]
40,微波炉 搬家 sale,搬家 出售 微波炉,[],[2],[1]
41,无线 激光 打印机 brother 牌子 可以 复印 ， 扫描 ！,无线 激光 打印机 兄弟 牌 可以 复印 ， 扫描 ！,[],[3],[3_4],[7_9],[7_9]
42,有 兴趣 请 联系 rent em@1,有 兴趣 请 联系 rent em@1,[rent],[4_5],[4_5],[5],[5]
43,使用 至今 没有 任何 事故 记录 ， clean title 。,使用 至今 没有 任何 事故 记录 ， 干净 标题 。,[],[7_8_9],[7_8_9],[6_9],[6_9]
44,写 paper 写 作业 必备 。,写 文章 写 作业 必备 。,[],[1],[1],[5],[5]
45,有 兴趣 请 先 邮件 联系 rent em@1,有 兴趣 请 先 邮件 联系 rent em@1,[rent],[6_7],[6_7],[7],[7]
46,豪华 suv 包车 往返 pit 机场 及 匹兹堡 市区,豪华 城市 功能 越野 车 包车 往返 匹兹堡 机场 及 匹兹堡 市区,[],[1_4],[1_2_3_4]
48,联系 电话 ： pn-2 email : em@2,联系 电话 ： pn-2 电子 邮箱 : em@2,[],[4_5_6],[4_5_6_7],[2_3_5_6],[2_3_6_7]
49,小 电风扇 已 出 ， 屏风 on hold,小 电风扇 已 出 ， 屏风 待出,[],[6_7],[6],[4],[4]
50,hello 你 可以 直接 微 信 我 ， 我 发给 你 吗 ？,你 好 你 可以 直接 微 信 我 ， 我 发给 你 吗 ？,[],[0],[1],[7_12],[8_13]
51,最好 在 north oakland,最好 在 北 奥克兰,[],[2_3],[2_3]
52,本人 是 第三 任 车主 ， 前 两 位 车主 及 本人 均 在 奥迪 dealer 店 定期 保养 ， 车况 好 。,本人 是 第三 任 车主 ， 前 两 位 车主 及 本人 均 在 奥迪 卖家 店 定期 保养 ， 车况 好 。,[],[15],[15],[5_19_22],[5_19_22]
54,amazon fire tv stick ， 原价 $ 39 .,亚马逊 火焰 电视棒 ， 原价 $ 39 .,[],[0_1_2_3_4],[0_1_2_3_6_7],[4_6_8],[3_5_7]
55,宜家 立柜 / 书柜 ( like new ) : $25 ( multiple available ),宜家 立柜 / 书柜 ( 半新 ) : $25 ( 多个 可得 ),[],[5_6_7_8_9_10_11_12_13],[5_6_7_8_9_10_11_12],[2_4_7_8_10_13],[2_4_6_7_8_9_12]
56,地址 ： frick park,地址 ： 弗里克 公园,[],[2_3],[2_3],[1],[1]
57,我 住 n craig st 。,我 住 北克列戈街 。,[],[2_3_4_5],[2_3],[5],[3]
58,以上 queen size 已 出 啦,以上 大号 尺寸 的 已 出 啦,[],[1_2],[1_2_3]
60,求购 bread toaster 一 个 ！,求购 烤面 包机 一 个 ！,[],[1_2],[1_2],[5],[5]
61,cloth horse 是 啥 啊 楼 主,晾衣 架 是 啥 啊 楼 主,[],[0_1],[0_1]
62,可以 暂时 用 国内 的 驾照 开 ， 不过 最好 是 考 learner permit 。,可以 暂时 用 国内 的 驾照 开 ， 不过 最好 是 考 学习者 许可证 。,[],[12_13_14],[12_13_14],[7_14],[7_14]
63,平时 都 很 爱惜 车子 经常 保养 车主 不 吸烟 clean title 可 送 aux 线 手机 支架,平时 都 很 爱惜 车子 经常 保养 车主 不 吸烟 干净 标题 可 送 辅助 接口 线 手机 支架,[],[10_11_14],[10_11_14_15]
64,因 relocate 需要 ， 出手 小车 ~,因 搬家 需要 ， 出手 小车 ~,[],[1],[1],[3_6],[3_6]
65,自动 挡 （ 手 自 一体 ） 两 门 蓝 （ 灰 ） 色 coupe ， 2 .,自动 挡 （ 手 自 一体 ） 两 门 蓝 （ 灰 ） 色 双开门 车 ， 2 .,[],[14_15_16_17],[14_15_16_17_18],[2_6_10_12_15_17],[2_6_10_12_16_18]
66,全新 gre og$20,全新 研究生 标准 考试 官方 指导 书 $ 20,[],[1_2],[1_2_3_4_5_6_7_8],,[7]
67,物品 condition 大部分 excellent to like new .,物品 状态 大部分 完美 到 较 新 .,[],[1_3_4_5_6_7],[1_3_4_5_6_7],[7],[7]
68,带 三 档 fan control ，,带 三 档 风扇 控制 ，,[],[3_4_5],[3_4_5],[5],[5]
69,front ， top ， bottom 都 有 dust filter ，,前面 ， 上面 ， 下面 都 有 粉尘 过滤器 ，,[],[0_1_2_3_4_7_8_9],[0_1_2_3_4_7_8_9],[1_3_9],[1_3_9]
70,出售 二手 full size 床 ！,出售 二手 全尺寸 大小 的 床 ！,[],[2_3],[2_3_4],[5],[6]
71,对 您 的 tv stand 感兴趣 ， 请 提供 联系 方式 ， 我 的 联系 电话 pn-3 （ 杨 ） ， 谢谢 ！,对 您 的 电视 站 脚 感兴趣 ， 请 提供 联系 方式 ， 我 的 联系 电话 pn-3 （ 杨 ） ， 谢谢 ！,[],[3_4],[3_4_5],[6_11_16_17_19_20_22],[7_12_17_18_20_21_23]
72,包含 ： 电 吉他 ， 音箱 ， cable ， 输入 3 .,包含 ： 电 吉他 ， 音箱 ， 线 ， 输入 3 .,[],[7_8],[7_8_10_11],[1_4_6_8_11],[1_4_6_8_11]
73,具体 的 信息 也 可以 参考 amazon 的 页面 或者 短信 我 。,具体 的 信息 也 可以 参考 亚马逊 的 页面 或者 短信 我 。,[],[6],[6],[12],[12]
74,十 分钟 可 达 买 吃 一 条 街 - walnut street 。,十 分钟 可 达 买 吃 一 条 街 - 核桃 街 。,[],[10_11_12],[10],[9_12],[9_12]
75,这 是 amazon 的 link,这 是 亚马逊 的 链接,[],[2_4],[2_4]
76,png 回国 转让 家具 ：,图片 ： 回国 转让 家具 ：,[],[0],[0_1],[4],[1_5]
77,小区 环境 非常 幽静 ： 有 多 处 playground 和 公园 ， 很 适合 有 孩子 （ 和 老人 ） 的 家庭 在,小区 环境 非常 幽静 ： 有 多 处 操场 和 公园 ， 很 适合 有 孩子 （ 和 老人 ） 的 家庭 在,[],[8],[8],[4_11_16_19],[4_11_16_19]
78,今天 刚 做 的 inspection ， 去年 做 过 alignment ， 轮胎 刚 用 一 年 多 ， 很 新 。,今天 刚 做 的 检查 ， 去年 做 过 校准 ， 轮胎 刚 用 一 年 多 ， 很 新 。,[],[4_5_9_10],[4_5_9_10],[5_10_17_20],[5_10_17_20]
79,正 值 壮年 ， 因为 是 timing chain 所以 不用 担心 timing belt 问题 。,正 值 壮年 ， 因为 是 时间链 所以 不用 担心 同 步带 问题 。,[],[6_7_11_12],[6_10_11],[3_14],[3_13]
80,家具 都 是 宜家 或者 amazon 上 购买 的 ， 使用 了 不到 一 年 。,家具 都 是 宜家 或者 亚马逊 上 购买 的 ， 使用 了 不到 一 年 。,[],[5],[5],[9_15],[9_15]
81,amazon 上 marcy 健身 椅$15,亚马逊 上 马 西牌 健身 椅$15,[],[0_2],[0_2_3],,[5]
82,ask for$19500 （ 可 小刀 ）,需要 $ 19500 （ 可 小刀 ）,[],[0_1_2],[0_1_2_3],[2_5],[1_3_6]
83,系统 及 功能 就 不用 说 了 ， 用 mac 的 都 知道 。,系统 及 功能 就 不用 说 了 ， 用 苹果 电脑 的 都 知道 。,[],[9],[9_10],[7_13],[7_14]
84,就 在 south oakland 随时 看 车 ， pn-4 。,就 在 南奥克兰 随时 看 车 ， pn-4 。,[],[2_3],[2],[7_8_9],[6_7_8]
85,【 物业 】 ： meyers management 公司 ， 物业 反应 迅速,【 物业 】 ： 迈耶斯 物业 公司 ， 物业 反应 迅速,[],[0_4_5],[0_4],[0_2_3_7],[0_2_3_7]
86,盒子 里 本身 两 个 游戏 ， 再 多 送 两 个 游戏 ， 很 适合 party 的 时候 大家 一起 玩 。,盒子 里 本身 两 个 游戏 ， 再 多 送 两 个 游戏 ， 很 适合 聚会 的 时候 大家 一起 玩 。,[],[16],[16],[6_13_22],[6_13_22]
87,小朋友 不到 一 岁 就 换 了 convertible car seat ， 这个 在家 闲置 了 几 个 月 了 。,小朋友 不到 一 岁 就 换 了 可转 换式 汽车 座椅 ， 这个 在家 闲置 了 几 个 月 了 。,[],[7_8_9_10],[7_8_9_10_11],[10_19],[11_20]
88,king size 的,超大 号的,[],[0_1],[0_1]
89,clean title ， 从未 有 过 任何 事故 ， 车况 良好 ， 性能 稳定 ， 并 有 其他 附件 赠送 。,干净 标题 ， 从未 有 过 任何 事故 ， 车况 良好 ， 性能 稳定 ， 并 有 其他 附件 赠送 。,[],[0_1_2],[0_1_2],[2_8_11_14_20],[2_8_11_14_20]
90,两 个 car seater 都 出 了 ， 谢谢 关注 ！,两 个 汽车 座椅 都 出 了 ， 谢谢 关注 ！,[],[2_3],[2_3],[7_10],[7_10]
91,room essentials 风扇 。,房 需 牌 风扇 。,[],[0_1],[0_1_2],[3],[4]
92,modem 和 wireless router 套餐 。,调制 解调器 和 无线 路由器 套餐 。,[],[0_2_3],[0_1_3_4],[5],[6]
93,联系 方式 ： pn-5 ( text ),联系 方式 ： pn-5 ( 短信 ),[],[5_6],[5_6],[2_3_4_6],[2_3_4_6]
94,发动机 强劲 smooth ， 驾驶 舒适 ， 视线 好 ， 跑 长途 毫无 问题 。,发动机 强劲 平稳 ， 驾驶 舒适 ， 视线 好 ， 跑 长途 毫无 问题 。,[],[2_3],[2_3],[3_6_9_14],[3_6_9_14]
95,型号 ： hamilton beach 331414-quart .,型号 ： 汉密尔顿 碧池 331414-quart .,[],[2_3_4_5],[2_3_4_5],[1_5],[1_4_5]
96,amazon 链接 ( 原价 $ 19 .,亚马逊 链接 ( 原价 $ 19 .,[],[0],[0_5_6],[2_4_6],[2_4_6]
97,转让 玻璃 茶几 ， 包括 一 个 coffee table 和 两 个 side tables 。,转让 玻璃 茶几 ， 包括 一 个 咖啡 桌 和 两 个 茶几 。,[],[7_8_12_13_14],[7_8],[3_14],[3_13]
98,一 个 night stand ， 一 个 小 书桌 免费 赠送 。,一 个 床头柜 ， 一 个 小 书桌 免费 赠送 。,[],[2_3_4],[2_3],[4_11],[3_10]
99,联系 方式 ： email : sum em@3,联系 方式 ： 电子 邮件 : sum em@3,[sum],[3_4_5_6],[3_4_5_6_7],[2_4_6],[2_5_7]
100,我 刚刚 仔细 看 了 一下 空调 的 介绍 ， 这个 空调 好像 不 适合 standard window ， 如果 给 大家 造成 误导 ， 十分 抱歉 。,我 刚刚 仔细 看 了 一下 空调 的 介绍 ， 这个 空调 好像 不 适合 标准 窗 ， 如果 给 大家 造成 误导 ， 十分 抱歉 。,[],[15_16_17],[15_16_17],[9_17_23_26],[9_17_23_26]
101,地址 ： near frick park,地址 ： 近 弗里克 公园,[],[2_3_4],[2_3_4],[1],[1]
102,thx 已 出,谢谢 已 出,[],[0],[0]
103,利用 closet 下方 空间 的 整理 架 免费,利用 衣橱 下方 空间 的 整理 架 免费,[],[1],[1]
104,地址 在 frick park 附近 。,地址 在 弗里克 公园 附近 。,[],[2_3],[2_3],[5],[5]
105,或者 请 查看 word 附件 ～,或者 请 查看 文档 附件 ～,[],[3],[3],[5],[5]
106,（ 坐标 ： south oakland ， 联系 方式 ： em@4,（ 坐标 ： 南 奥克兰 ， 联系 方式 ： em@4,[],[0_3_4_5],[0_3_4_5],[0_2_5_8_9],[0_2_5_8_9]
107,每 三千 迈 用 最 好 的 mobil-1 synthetic oil 细心 保养,每 三千 迈 用 最 好 的 汽车 一 号 合成 油 细心 保养,[],[8_9],[7_8_9_10_11]
108,仅 后面 bumper 和 左 后 车门 有 少许 dents,仅 后面 保险杠 和 左 后 车门 有 少许 凹痕,[],[2_9],[2_9]
109,坐标 ： squirrel hill .,坐标 ： 松鼠山,[],[2_3_4],[2],[1_4],[1]
110,免费 的 桌子 ， baby seat ， high chair ， queen size mattress and box .,免费 的 桌子 ， 婴儿 座椅 ， 高 脚凳 ， 大号 席梦思 和 盒子,[],[4_5_6_7_8_9_10_11_12_13_14_15],[4_5_6_7_8_9_10_11_12_13],[3_6_9_15],[3_6_9]
111,八月 初 到 匹兹堡 ， 需要 一 张 queen size 的 床 ， 桌子 ， 椅子 各 种 家具,八月 初 到 匹兹堡 ， 需要 一 张 大号 的 床 ， 桌子 ， 椅子 各 种 家具,[],[8_9],[8],[4_12_14],[4_11_13]
113,我 的 地址 在 fifth ave and aiken ave 附近 。,我 的 地址 在 五 街 和 艾肯 街 附近 。,[],[4_5_6_7_8],[4_5_6_7_8],[10],[10]
114,有 兴趣 的 朋友 请 联系 [ url = mailtoynch .,有 兴趣 的 朋友 请 联系 [ 统一 资源 定位 符 = mailtoynch .,[],[7_8_9_10],[7_8_9_10_11_12_13],[6_8_10],[6_11_13]
115,打印机 为 brother hl-2270 dw ， 状态 良好,打印机 为 兄弟 牌 hl-2270 dw ， 状态 良好,[dw],[2_3_4_5],[2_3_4_5_6],[5],[4_6]
116,东西 在 north oakland,东西 在 北 奥克兰,[],[2_3],[2_3]
117,地点 位 于 s highland ave 和 elwood st 交界,地点 位 于 南 高地 街 和 埃尔 伍德 街 交界,[],[3_4_5_7_8],[3_4_5_7_8_9]
118,你 转账 后 ， 我 给 你 完整 的 report .,你 转账 后 ， 我 给 你 完整 的 报告,[],[9_10],[9],[3_10],[3]
119,queen size 睡 两 人 很 宽敞 ， 舒服 ！,大号 床 睡 两 人 很 宽敞 ， 舒服 ！,[],[0_1],[0_1],[7_9],[7_9]
120,微波炉 ， danby 0 .,微波炉 ， 丹比 0 .,[],[2_3_4],[2_3_4],[1_4],[1_4]
121,人 在 centre giant eagle 附近 ~,人 在 中 大 老鹰 附近 ~,[],[2_3_4],[2_3_4],[6],[6]
122,求购 window machine,求购 窗口 机,[],[1_2],[1_2]
123,白板 [ size = 14 .,白板 [ 大小 = 14 .,[],[2_3_4_5],[2_3_4_5],[1_3_5],[1_3_5]
124,可以 支撑 起来 看 视频 的 case,可以 支撑 起来 看 视频 的 外壳,[],[6],[6]
125,有 兴趣 邮件 betty em@5,有 兴趣 邮件 betty em@5,[betty],[3_4],[3_4],[4],[4]
126,验证 码 [ url = ] 换 一 个 [/url ],验证 码 [ 统一 资源 定位 符 = ] 换 一 个 [ / 统一 资源 定位符 ],[],[3_4_5],[3_4_5_6_7_8_14_15_16_17],[2_4_5_10],[2_7_8_12_13_17]
127,dish dryer : 有 专门 可以 放 筷子 的 地方 。,晾碗 框 : 有 专门 可以 放 筷子 的 地方 。,[],[0_1_2],[0_1_2],[2_10],[2_10]
128,或 发 邮件 到 ： cap em@6,或 发 邮件 到 ： cap em@6,[cap],[5_6],[5_6],[4_6],[4_6]
129,所有 保养 ， inspection ， 换 轮胎 全 都 是 在 奔驰 dealer 做 的 。,所有 保养 ， 检查 ， 换 轮胎 全 都 是 在 奔驰 卖家 做 的 。,[],[3_4_12],[3_4_12],[2_4_15],[2_4_15]
130,半 年 前 换 了 四 个 break rotors ， 和 两 个 front breaks ，,半 年 前 换 了 四 个 刹车 转子 ， 和 两 个 前刹 ，,[],[7_8_9_13_14_15],[7_8_9_13_14],[9_15],[9_14]
131,最好 在 centre ， market district giant eagle 附近 。,最 好 在 中大 老鹰 超 市区 附近 。,[],[2_3_4_5_6_7],[0_1_3_4_5_6],[3_9],[8]
132,需要 自己 来 pick up ， 谢谢 ！,需要 自己 来 拿 ， 谢谢 ！,[],[3_4_5],[3_4],[5_7],[4_6]
133,回国 出 高端 音响 beats by dr .,回国 出 高端 音响 beats by dr .,[beats_by_dr],[4_5_6_7],[4_5_6_7],[7],[7]
134,电话 ： 412-六五二－6177 （ 最好 message ）,电话 ： 412-六五二－6177 （ 最好 短信 ）,[],[5_6],[5_6],[1_3_6],[1_2_3_6]
135,顶上 的 mic 不 能 调节 方向 ， 但是 对 录音 效果 并 无 影响 ，,顶上 的 麦克风 不 能 调节 方向 ， 但是 对 录音 效果 并 无 影响 ，,[],[2],[2],[7_15],[7_15]
136,一 个 厚 被子 ， queen size 。,一 个 厚 被子 ， 大号 的 。,[],[5_6_7],[5_6_7],[4_7],[4_7]
137,搅拌机 ， $5--- sold,搅拌机 ， $5--- 已 出售,[],[3],[3_4],[1],[1_2]
138,买 两 件 以上 送 phipps conservatory and botanical gardens 门票 一 张 ， 买 三 件 以上,买 两 件 以上 送 菲普斯 温室 植物园 门票 一 张 ， 买 三 件 以上,[],[5_6_7_8_9],[5_6_7],[13],[11]
139,wireless chiclet-style keyboard ， optical mouse ， 赠送 键盘 和 鼠标 ；,无线 的 方块 键盘 ， 光学 鼠标 ， 赠送 键盘 和 鼠标 ；,[],[0_1_2_3_4_5_6],[0_1_2_5],[3_6_11],[4_7_12]
140,操作 系统 ： windows 8 .,操作 系统 ： 视窗 8 .,[],[3_4_5],[3_4_5],[2_5],[2_5]
141,显卡 ： integrated ;,显卡 ： 集成 ;,[],[2_3],[2_3],[1_3],[1_3]
142,给 自己 ding 一下 ！,给 自己 顶 一下 ！,[],[2],[2],[4],[4]
143,今天 随手 一 试 发现 code 能用 ， 真是 意外 惊喜 。,今天 随手 一 试 发现 代码 能用 ， 真是 意外 惊喜 。,[],[5],[5],[7_11],[7_11]
144,honeywell 电 风扇 ， amazon 23 .,哈尼维尔 电 风扇 ， 亚马逊 23 .,[],[0_4_5_6],[0_4_5_6],[3_6],[3_6]
145,毕业 甩卖 家具 （ 具体 价格 图片 见 google doc ）,毕业 甩卖 家具 （ 具体 价格 图片 见 谷歌 文档 ）,[],[8_9_10],[8_9_10],[3_10],[3_10]
146,位置 在 hobart street ， squirrel hill .,位置 在 霍巴特街 ， 松鼠山 .,[],[2_3_4_5_6_7],[2_3_4_5],[4_7],[3_5]
147,楼 主 发现 amazon 刚刚 匹配 了 $ 33 .,楼 主 发现 亚马逊 刚刚 匹配 了 $ 33 .,[],[3],[3_8_9],[7_9],[7_9]
148,sony 的 2 .,索尼 的 2 .,[],[0],[0_2_3],[3],[3]
149,amazon 原价 23 .,亚马逊 原价 23 .,[],[0],[0_2_3],[3],[3]
150,这 款 面 包机 在 amazon 卖 $ 54 .,这 款 面 包机 在 亚马逊 卖 $ 54 .,[],[5],[5_8_9],[7_9],[7_9]
151,target （ 电子 产品 ， 家居 ， 衣物 等 。,塔吉特 （ 电子 产品 ， 家居 ， 衣物 等 。,[],[0_1],[0_1],[1_4_6_9],[1_4_6_9]
152,apple watch 送 $100 礼品 卡 （ 相当于 $249 ） ;,苹果 手表 送 $100 礼品 卡 （ 相当于 $249 ） ;,[],[0_1],[0_1],[6_9_10],[3_6_8_9_10]
153,best buy 的 电视 deal 每 年 都 是 最 划算 的 ， 但是 要 去 店 门口 排队 ， 没有 把握 拿到,百 思 买 的 电视 促销 每 年 都 是 最 划算 的 ， 但是 要 去 店 门口 排队 ， 没有 把握 拿到,[],[0_1_4],[0_1_2_5],[12_19],[13_20]
154,staples （ 电器 ， 电子 产品 ）,订书机 （ 电器 ， 电子 产品 ）,[],[0_1],[0_1],[1_3_6],[1_3_6]
155,kindle paperwhite$99 ( 原价 $ 119 .,电子书 $99 ( 原价 $ 119 .,[],[0_1_2],[0_1_2_5_6],[2_4_6],[1_2_4_6]
156,ebay （ 综合 类 。,易趣 （ 综合 类 。,[],[0_1],[0_1],[1_4],[1_4]
157,jc penney （ 主要 是 衣服 ， 很多 冬装 9 .,杰西 盘 尼 （ 主要 是 衣服 ， 很多 冬装 9 .,[],[0_1_2],[0_1_2_3_10_11],[2_6_10],[3_7_11]
158,差不多 算是 全新 的 了 ， 适合 full-size stove 的 公寓 或 house 使用 。,差不多 算是 全新 的 了 ， 适合 带 全 壁炉 的 公寓 或 独 栋 住宅 使用 。,[],[8_12],[7_8_9_13_14_15],[5_14],[5_17]
159,具体 联系 ： lig em@7,具体 联系 ： lig em@7,[lig],[3_4],[3_4],[2_4],[2_4]
160,高清 图片 见 google doc,高清 图片 见 谷歌 文档,[],[3_4],[3_4]
161,可以 轻松 在 cmos 里 超频 。,可以 轻松 在 计算机 芯片 里 超频 。,[],[3],[3_4],[6],[7]
162,id=0b2acusdjp9ogqzhpeejstc1quuu&usp = sharing ， 有 兴趣 欢迎 联系 ， 电话 pn-6 ， 邮件 em@8,id=0b2acusdjp9ogqzhpeejstc1quuu&usp = sharing ， 有 兴趣 欢迎 联系 ， 电话 pn-6 ， 邮件 em@8,[sharing],[0_1_2_3],[0_1_2_3],[1_3_8_10_11_13],[0_1_3_8_10_11_13]
163,html （ 价格 可以 商量 ）,超 文字 标记 语言 （ 价格 可以 商量 ）,[],[0_1],[0_1_2_3_4],[1_5],[4_8]
164,update : 依然 有效 ， 现在 $ 25 .,更新 : 依然 有效 ， 现在 $ 25 .,[],[0_1],[0_1_7_8],[1_4_6_8],[1_4_6_8]
165,amazon 上 买 的 新 书 ， 除了 用 铅笔 划 过 几 条 线 以外 就 跟 新 的 一样 。,亚马逊 上 买 的 新 书 ， 除了 用 铅笔 划 过 几 条 线 以外 就 跟 新 的 一样 。,[],[0],[0],[6_21],[6_21]
166,dell st 201020-inch 16:9 aspect ratio flat panel monitor + 音响 $40,戴尔 2010 款 20 英寸 16:9 平板 显示器 + 音响 $40,[],[0_1_2_3_4_5_6_7_8_9],[0_1_2_3_4_5_6_7_8],[9],[5_8_10]
167,平时 用 的 很 仔细 ， condition 很好 。,平时 用 的 很 仔细 ， 状态 很 好 。,[],[6],[6_8_9],[5_8],[5_9]
168,感兴趣 的 请 email 至 em@9,感兴趣 的 请 发电子 邮件 至 em@9,[],[3],[3_4],[5],[6]
169,hello ， 大家 好,嘿 ， 大家 好,[],[0_1],[0_1],[1],[1]
170,轻薄 便捷 ， usb 连接,轻薄 便捷 ， 通用 串行 总线 连接,[],[3],[3_4_5],[2],[2]
171,电磁场 与 电磁波 david k .,电磁场 与 电磁波 大卫 k .,[k],[3_4_5],[3_4_5],[5],[5]
172,动态 系统 的 数字 控制 gene f .,动态 系统 的 数字 控制 基因 f .,[f],[5_6_7],[5_6_7],[7],[7]
173,仍然 available :,仍然 有效 :,[],[1_2],[1_2],[2],[2]
174,坐标 craig 上 的 cvs 附近,坐标 克列戈 街 上 的 cvs （ 超市名 ） 附近,[cvs],[1_4],[1_2_5_6_7_8],,[6_8]
175,选择 standard shipping 即 可 免 运费 。,选择 标准 运送 即 可 免 运费 。,[],[1_2],[1_2],[7],[7]
176,因 太太 准备 开车 ， 不 习惯 开 suv ， 所以 正在 购买 新车 中 。,因 太太 准备 开车 ， 不 习惯 开 城市 功能 越野车 ， 所以 正在 购买 新车 中 。,[],[8_9],[8_9_10_11],[4_9_15],[4_11_17]
177,成色 不错 啊 ， 是 clean title 吗,成色 不错 啊 ， 是 干净 标题 吗,[],[5_6],[5_6],[3],[3]
178,一 个 是 独立 房 ， 一 个 是 condo .,一 个 是 独立 房 ， 一 个 是 公寓 .,[],[9_10],[9_10],[5_10],[5_10]
179,utility : 自理 （ 约 70-100 / 月 ）,水电气 : 自理 （ 约 70-100 / 月 ）,[],[0_1],[0_1],[1_3_6_8],[1_3_5_6_8]
180,个人 平时 比较 宅 ， 不 开 party 。,个人 平时 比较 宅 ， 不 开 聚会 。,[],[7_8],[7_8],[4_8],[4_8]
181,有意 请 email 至 em@10,有意 请 发电子 邮件 至 em@10,[],[2],[2_3],[4],[5]
182,啊 不 好意思 我 已经 update 了 联系 方式 了,啊 不 好意思 我 已经 更新 了 联系 方式 了,[],[5],[5]
183,现在 还 available,现在 还 有效,[],[2],[2]
184,south oakland 独立 一 室 一 厅 公寓 出租 ！,南 奥克兰 独立 一 室 一 厅 公寓 出租 ！,[],[0_1],[0_1],[9],[9]
185,该 公寓 是 匹兹堡 最 火 的 公寓 ， 口碑 物业 meyers 旗下 最 受 中国 学生 欢迎 的 公寓 ， 性价比 高 。,该 公寓 是 匹兹堡 最 火 的 公寓 ， 口碑 物业 迈耶斯 旗下 最 受 中国 学生 欢迎 的 公寓 ， 性价比 高 。,[],[11],[11],[8_20_23],[8_20_23]
186,） 公寓 情况 ： mozart 是 匹兹堡 的 大 物业 ， arlington 是 mozart 的 物业 总部 ， 物业 维修 都 很 方便 。,） 公寓 情况 ： 莫扎特 是 匹兹堡 的 大 物业 ， 艾林顿 是 莫扎特 的 物业 总部 ， 物业 维修 都 很 方便 。,[],[0_4_11_13],[0_4_11_13],[0_3_10_17_23],[0_3_10_17_23]
187,精装 修 、 家具 全 、 free 无线 上网 !,精装 修 、 家具 全 、 免费 无线 上网 !,[],[6],[6],[2_5_9],[2_5_9]
188,oakland 的 干净 精致 好 房 您 不 能 错过 ！,奥克兰 的 干净 精致 好 房 您 不 能 错过 ！,[],[0],[0],[10],[10]
189,精装 修 家具 全 free 无线 上网 !,精装 修 家具 全 免费 无线 上网 !,[],[4],[4],[7],[7]
190,地点 ： central oakland,地点 ： 中 奥克兰,[],[2_3],[2_3],[1],[1]
191,环境 ： 住宅 街区 ， street parking 。,环境 ： 住宅 街区 ， 提供 路边 停车 。,[],[5_6_7],[5_6_7_8],[1_4_7],[1_4_8]
192,房型 ： house,房型 ： 大 独 栋 住宅,[],[2],[2_3_4_5],[1],[1]
193,欢迎 email 咨询,欢迎 电子 邮件 咨询,[],[1],[1_2]
194,门口 有 bus 到 中国 超市 ， 餐馆 和 downtown .,门口 有 公交 到 中国 超市 ， 餐馆 和 市区 .,[],[2_9_10],[2_9_10],[6_10],[6_10]
195,本人 ： 男 ， 第二 年 pitt phd 。,本人 ： 男 ， 第二 年 匹兹堡 大学 博士 。,[],[6_7_8],[6_7_8_9],[1_3_8],[1_3_9]
196,house 一 楼 是 餐厅 客厅 和 厨房 二 楼 是 三 个 房间 share 卫生间 。,住宅 一 楼 是 餐厅 客厅 和 厨房 二 楼 是 三 个 房间 共 享 卫生间 。,[],[0_14],[0_14_15],[16],[17]
197,四 个 房间 租金 分别 为 390，420，460，490 usd / 月 。,四 个 房间 租金 分别 为 390，420，460，490 美 刀 / 月 。,[],[7_8],[7_8_9],[8_10],[6_9_11]
199,位置 ： north oakland/shadyside,位置 ： 北 奥克兰 / 沙迪,[],[2_3],[2_3_4_5],[1],[1_4]
200,有 pet 可以 商量,有 宠物 可以 商量,[],[1],[1]
201,欢迎 email 联系 咨询 。,欢迎 电子 邮件 联系 咨询 。,[],[1],[1_2],[4],[5]
202,( 由于 可 接受 的 附件 大 小 太 小 放 不 下 我 的 照片 ， 请 点击 以下 google drive 的 link 观看 照片 ， 谢谢 ！,( 由于 可 接受 的 附件 大 小 太 小 放 不 下 我 的 照片 ， 请 点击 以下 谷歌 云 盘 的 链接 观看 照片 ， 谢谢 ！,[],[0_20_21_23],[0_20_21_22_24],[0_16_26_28],[0_16_27_29]
205,如果 感 兴趣 ， 请 通过 email 联系 em@11,如果 感 兴趣 ， 请 通过 电子 邮件 联系 em@11,[],[6],[6_7],[3_8],[3_9]
206,house 共 两 个 卧室 ， 一 个 阁楼 。,住宅 共 两 个 卧室 ， 一 个 阁楼 。,[],[0],[0],[5_9],[5_9]
207,阁楼 有 一 个 living room 和 一 个 bedroom 。,阁楼 有 一 个 客厅 和 一 个 卧室 。,[],[4_5_9_10],[4_8_9],[10],[9]
208,house 厨房 ， 厕所 宽敞 明亮 。,住宅 厨房 ， 厕所 宽敞 明亮 。,[],[0],[0],[2_6],[2_6]
209,本人 男 ， 今年 去 pitt 读 master ， 8 .,本人 男 ， 今年 去 匹兹堡 大学 读 硕士 ， 8 .,[],[5_7_8_9_10],[5_6_8_9_10_11],[2_8_10],[2_9_11]
211,要求 ： security deposit ， 爱 干净,要求 ： 保证金 ， 爱 干净,[],[2_3_4],[2_3],[1_4],[1_3]
212,小区 居民 是 学生 和 年轻 学者 ， 学校 的 shuttle,小区 居民 是 学生 和 年轻 学者 ， 学校 的 摆渡 车,[],[10],[10_11],[7],[7]
213,联系 电话 : pn-7 ， email : em@12,联系 电话 : pn-7 ， 电子 邮件 : em@12,[],[5_6_7],[5_6_7_8],[2_3_4_6_7],[2_3_4_7_8]
214,这时 living room 的 图片 ， 比 卧室 要 大 。,这时 客厅 的 图片 ， 比 卧室 要 大 。,[],[1_2],[1],[5_10],[4_9]
217,户型 ： 一 楼 是 超大 living room ， dining room 及 厨房 ；,户型 ： 一 楼 是 超大 客厅 ， 餐厅 及 厨房 ；,[],[6_7_8_9_10],[6_7_8],[1_8_13],[1_7_11]
218,二 楼 是 三 间 卧室 和 一 个 full 卫生间 ；,二 楼 是 三 间 卧室 和 一 个 完全 的 卫生间 ；,[],[9],[9_10],[11],[12]
219,长 租 all gone ！,长 租 全 没 了 ！,[],[2_3_4],[2_3_4_5],[4],[5]
220,room a$600 ( 双 人大 床 ） 已 租 ！,房间 a$600 ( 双 人大 床 ） 已 租 ！,[],[0_1_2],[0_1_2],[2_6_9],[1_2_6_9]
221,价格 ： $400 / 月 ( 包 所有 utilities 费用 ) 。,价格 ： $400 / 月 ( 包 所有 水电气 费用 ) 。,[],[8],[8],[1_3_5_10_11],[1_2_3_5_10_11]
222,update : 房间 皆 已 出租,更新 : 房间 皆 已 出租,[],[0_1],[0_1],[1],[1]
226,附近 有 cvs 等 超市 。,附近 有 cvs ( 超市名 ) 等 超市 。,[cvs],[2],[2_3_4_5],[5],[3_5_8]
227,可以 直接 签 lease ， 无 押金 ， 需要 预付 第一 个 月 房租 。,可以 直接 签 合同 ， 无 押金 ， 需要 预付 第一 个 月 房租 。,[],[3_4],[3_4],[4_7_14],[4_7_14]
228,utility : 自理 （ 约 60-100 / 月 ）,水电气 : 自理 （ 约 60-100 / 月 ）,[],[0_1],[0_1],[1_3_6_8],[1_3_5_6_8]
229,要求 爱 干净 ， 没有 不良 习惯 ， 喜欢 孩子 ， 女生 优先 ， christian 优先 。,要求 爱 干净 ， 没有 不良 习惯 ， 喜欢 孩子 ， 女生 优先 ， 基督教徒 优先 。,[],[14],[14],[3_7_10_13_16],[3_7_10_13_16]
230,房子 介绍 ： 两 室 两 厅 ， 一 个 full bathroom ， 明亮 宽敞 ， 两 室 两 厅 房 ， 拎包 入住 。,房子 介绍 ： 两 室 两 厅 ， 一 个 完整 浴室 ， 明亮 宽敞 ， 两 室 两 厅 房 ， 拎包 入住 。,[],[10_11_12],[10_11_12],[2_7_12_15_21_24],[2_7_12_15_21_24]
232,出门 走 一 分钟 不到 就 有 81-83 bus 。,出门 走 一 分钟 不到 就 有 81 - 83 公交 。,[],[8_9],[7_8_9_10_11],[9],[8_11]
233,leasing office 就 在 lobby ， 员工 也 非常 好 ， 有 什么 问题 随时 可以 找 他们 沟通 解决 。,负责 租赁 的 办公室 就 在 大厅 ， 员工 也 非常 好 ， 有 什么 问题 随时 可以 找 他们 沟通 解决 。,[],[0_1_4_5],[0_1_2_3_6_7],[5_10_20],[7_12_22]
234,② 离 各 大 超市 近 （ giant eagle ；,② 离 各 大 超市 近 （ 大 老鹰 ；,[],[7_8_9],[8_9],[6_9],[6_9]
240,或 发 邮件 联系 ： [ url = ] em@13,或 发 邮件 联系 ： [ 统一 资源 定位 符 = ] em@13,[],[6_7_8_9],[6_7_8_9_10_11_12],[4_5_7_8_9],[4_5_10_11_12]
241,环境 安静 ， apartments 评分 9 .,环境 安静 ， 公寓 评分 9 .,[],[3],[3_5_6],[2_6],[2_6]
242,运动 方面 参加 pitt 射箭 队 ， 以及 会 一点 羽毛球 。,运动 方面 参加 匹兹堡 射箭 队 ， 以及 会 一点 羽毛球 。,[],[3],[3],[6_11],[6_11]
243,［ 治安 ］ 附近 治安 好 ， 公寓 有 doorman ， 收发 快递 也 方便 。,［ 治安 ］ 附近 治安 好 ， 公寓 有 门卫 ， 收发 快递 也 方便 。,[],[0_9_10],[0_9_10],[0_2_6_10_15],[0_2_6_10_15]
244,房子 在 bloom field bridge 旁边 。,房子 在 布卢姆菲尔德 桥 旁边 。,[],[2_3_4],[2_3],[6],[5]
245,lebanon ， 该 区 高中 在 滨州 公立 排名 第九 。,黎巴嫩 ， 该 区 高中 在 滨州 公立 排名 第九 。,[],[0_1],[0_1],[1_10],[1_10]
246,物业 ： walnut 专人 负责 各 种 维修 ， 非常 安心 ；,物业 ： 核桃 资产 专人 负责 各 种 维修 ， 非常 安心 ；,[],[2],[2_3],[1_8_11],[1_9_12]
247,优点 ： 我 的 卧室 是 整 个 house 最 大 的 卧室 ， 两 扇 窗 采光 好 ， 冬天 暖气 也 很 足 ， 家具 齐全 ， 拎包 入住 ；,优点 ： 我 的 卧室 是 整 个 住宅 最 大 的 卧室 ， 两 扇 窗 采光 好 ， 冬天 暖气 也 很 足 ， 家具 齐全 ， 拎包 入住 ；,[],[8],[8],[1_13_19_25_28_31],[1_13_19_25_28_31]
248,房租 lease 到 7 .,房租 合同 到 7 .,[],[1],[1_3_4],[4],[4]
249,地址 位 于 beacon st .,地址 位 于 烽火 街 .,[],[3_4_5],[3_4_5],[5],[5]
250,后院 有 私家 车库 ， beacon st .,后院 有 私家 车库 ， 烽火 街 .,[],[5_6_7],[5_6_7],[4_7],[4_7]
251,二 楼 是 三 间 卧室 和 一 个 full 的 卫生间 。,二 楼 是 三 间 卧室 和 一 个 完整 的 卫生间 。,[],[9],[9],[12],[12]
252,三 楼 是 一 卧 一 卫 的 studio 。,三 楼 是 一 卧 一 卫 的 工作室 。,[],[8_9],[8_9],[9],[9]
253,up up up 顶 一下 。,顶顶 顶 顶 一下 。,[],[0_1_2],[0],[5],[4]
254,八月 开始 可 签 一 年 lease 。,八月 开始 可 签 一 年 合同 。,[],[6_7],[6_7],[7],[7]
255,性格 非常 nice 好 相处 ， 绝对 不 会 打扰 你 。,性格 非常 好 ， 好 相处 ， 绝对 不 会 打扰 你 。,[],[2],[],[5_11],[3_6_12]
257,walnut street 步行 15-20 mins ， 逛街 吃饭 超 方便,核桃 街 步行 15 - 20 分钟 ， 逛街 吃饭 超 方便,[],[0_1_4_5],[0_1_3_4_5_6_7],[5],[4_7]
258,house 里 现 住 有 六 人 ， 三 个 是 匹 大 研究生 .,独 栋 住宅 里 现 住 有 六 人 ， 三 个 是 匹 大 研究生 .,[],[0],[0_1_2],[7_14],[9_16]
259,房东 非常 nice ， 有 需要 和 修理 会 马上 处理 。,房东 非常 好 ， 有 需要 和 修理 会 马上 处理 。,[],[2_3],[2_3],[3_11],[3_11]
260,地处 squirrel hill ， 社区 安全 ， 步行 距离 可 达 中国 超市 ， 中国 餐馆 ， 超市 ， 方便 没有 车 的 同学 和 朋友 。,地处 松鼠山 ， 社区 安全 ， 步行 距离 可 达 中国 超市 ， 中国 餐馆 ， 超市 ， 方便 没有 车 的 同学 和 朋友 。,[],[1_2_3],[1_2],[3_6_13_16_18_26],[2_5_12_15_17_25]
262,联系 电话 or text ： 412-6518342 jane,联系 电话 或者 短信 ： 412-6518342 jane,[jane],[2_3_4_5_6],[2_3_4_5_6],[4],[4_5]
263,有 attached 车库 可 用 。,有 附属 车库 可 用 。,[],[1],[1],[5],[5]
264,安装 有 智能 panel ， 可以 远程 手机 调控 暖气 温度 和 开关 。,安装 有 智能 面板 ， 可以 远程 手机 调控 暖气 温度 和 开关 。,[],[3_4],[3_4],[4_13],[4_13]
265,【 车库 】 ： attached 车库 。,【 车库 】 ： 附属 的 车库 。,[],[0_4],[0_4_5],[0_2_3_6],[0_2_3_7]
266,【 bonus 】 : 房东 在 google 工作 ， 可以 内 推 加 mock interview,【 福利 】 : 房东 在 谷歌 工作 ， 可以 内 推 加 模拟 面试,[],[0_1_2_3_6_13_14],[0_1_2_3_6_13_14],[0_2_3_8],[0_2_3_8]
267,长 租 ： all gone,长 租 ： 全 没了,[],[3_4],[3_4],[2],[2]
268,后院 《 ——————————————————————————————— 》 deck,后院 《 ——————————————————————————————— 》 阳台,[],[4],[4],[1_3],[1_2_3]
269,【 学习 娱乐 】 ： finished basement .,【 学习 娱乐 】 ： 完整 的 地下室 .,[],[0_5_6_7],[0_5_6_7_8],[0_3_4_7],[0_3_4_8]
271,main floor 格局 《 ——————————————————————————— 》 走廊,主楼 格局 《 ——————————————————————————— 》 走廊,[],[0_1],[0],[3_5],[2_3_4]
272,水晶 吊灯 《 —————————————————————— 》 楼梯 to downstairs,水晶 吊灯 《 —————————————————————— 》 楼梯 去 楼下,[],[6_7],[6_7],[2_4],[2_3_4]
273,材料 是 cedar 。,材料 是 cedar 。,[cedar],[2_3],[2_3],[3],[3]
274,地下室 《 game room and study room 》 《 ———————————— 》 外观,地下室 《 游戏厅 和 学习室 》 《 ———————————— 》 外观,[],[2_3_4_5_6_7_8_9_10],[2_3_4_5_6_7_8],[1_7_8_10],[1_5_6_7_8]
275,每个 房间 都 有 closet ， 图 中 黄色 部分 是 closet .,每个 房间 都 有 衣橱 ， 图 中 黄色 部分 是 衣橱 .,[],[4_5_11_12],[4_5_11_12],[5_12],[5_12]
276,房东 在 google 工作 ， 可以 内 推 加 mock interview,房东 在 谷歌 工作 ， 可以 内 推 加 模拟 面试,[],[2_9_10],[2_9_10],[4],[4]
279,小区 居民 是 学生 和 年轻 学者 ， 学校 的 shuttle 从 门前 经过 ， 而且 很多 。,小区 居民 是 学生 和 年轻 学者 ， 学校 的 摆渡 车 从 门前 经过 ， 而且 很多 。,[],[10],[10_11],[7_14_17],[7_15_18]
282,地点 ： oakland ;,地点 ： 奥克兰 ;,[],[2_3],[2_3],[1_3],[1_3]
283,联系 方式 : email : em@14,联系 方式 : 电子 邮件 : em@14,[],[3_4_5],[3_4_5_6],[2_4_5],[2_5_6]
286,公寓 门口 可以 street parking 。,公寓 门口 可以 路边 停车 。,[],[3_4_5],[3_4_5],[5],[5]
289,装修 好 的 single family house 在 forest hills ， 小区 环境 优美 ， 步行 3-5 分钟 有 两 个 公园 。,装修 好 的 单个 家庭 住宅 在 森林 山 ， 小 区 环境 优美 ， 步行 3-5 分钟 有 两 个 公园 。,[],[3_4_5_7_8_9],[3_4_5_7_8_9_10_11],[9_13_21],[9_14_16_22]
290,有意 请 email ： em@15,有意 请 电子 邮件 ： em@15,[],[2_3_4],[2_3_4_5],[3_4],[4_5]
291,地处 greenfield ， 周围 环境 安静 ， 邻里 和睦 ， 非常 安全,地处 格林菲尔德 ， 周围 环境 安静 ， 邻里 和睦 ， 非常 安全,[],[1_2],[1_2],[2_6_9],[2_6_9]
293,价格 ： $300 / 月 + utilities 费用 。,价格 ： $300 / 月 + 水电气 费用 。,[],[6],[6],[1_3_5_8],[1_2_3_5_8]
294,rich neighborhood ， 非常 安全 ， 旁边 就 是 公园 ， 环境 很 好 很 安静 。,富人 区 ， 非常 安全 ， 旁边 就 是 公园 ， 环境 很 好 很 安静 。,[],[0_1_2],[0_1_2],[2_5_10_16],[2_5_10_16]
295,trader joe's 和 target 更 是 在 步行 范围 内 。,缺 的 舅 和 塔吉特 更 是 在 步行 范围 内 。,[],[0_1_3],[0_1_2_4],[10],[11]
296,非常 便利 的 位置 ， 适合 summer,非常 便利 的 位置 ， 适合 暑假,[],[6],[6],[4],[4]
297,【 吃 货 福音 】 附近 有 sichuan gourmet ， 台湾 味 ， every day noodle ， 各 种 小吃 ， 以及 中 超 panda ， giant eagle 。,【 吃 货 福音 】 附近 有 府 河 人家 ， 台湾 味 ， 天天 见面 ， 各 种 小吃 ， 以及 中 超 熊猫 ， 大老鹰 。,[],[0_7_8_9_13_14_15_16_24_25_26_27_28],[0_7_8_9_10_14_15_16_24_25_26_27],[0_4_9_12_16_20_25_28],[0_4_10_13_16_20_25_27]
298,物业 是 mozart ， 房间 维修 处理 非常 及时 。,物业 是 莫扎特 ， 房间 维修 处理 非常 及时 。,[],[2_3],[2_3],[3_9],[3_9]
301,有 意 者 可 联系 ， 电话 pn-8 或 pn-9 ， email ： em@16,有 意 者 可 联系 ， 电话 pn-8 或 pn-9 ， 电子 邮箱 ： em@16,[],[11_12_13],[11_12_13_14],[5_7_9_10_12_13],[5_7_9_10_13_14]
302,附近 有 giant eagle ， trader joe ' s 以及 target ， 步行 十 分钟 便 可 到达 ， 生活 上 也 十分 方便 。,附近 有 大 老鹰 ， 缺德舅 以及 塔吉特 ， 步行 十 分钟 便 可 到达 ， 生活 上 也 十分 方便 。,[],[2_3_4_5_6_7_8_10_11],[2_3_4_5_7_8],[4_7_11_18_24],[4_8_15_21]
304,简单 介绍 一下 oak hill apt ！,简单 介绍 一下 橡树 山 公寓 ！,[],[3_4_5_6],[3_4_5_6],[6],[6]
305,apt 隶属 franklin west 旗下 ， 物业 管理 良好 ， 有 任何 问题 能 快速 免费 解决 。,公寓 隶属 西 富兰克林 旗下 ， 物业 管理 良好 ， 有 任何 问题 能 快速 免费 解决 。,[],[0_2_3],[0_2_3],[5_9_17],[5_9_17]
306,附近 超市 有 whole foods ， target ， giant eagle ， trader joe ， 都 是 走路 十 分钟 左右 。,附近 超市 有 全食 ， 塔吉特 ， 大老鹰 ， 缺德舅 ， 都 是 走路 十 分钟 左右 。,[],[3_4_5_6_7_8_9_10_11_12_13],[3_4_5_6_7_8_9_10],[5_7_10_13_20],[4_6_8_10_17]
307,还有 很多 知名 餐厅 ， 例如 noodle head ， spoon 等等 ， 吃喝 不 愁 。,还有 很多 知名 餐厅 ， 例如 面头 ， 勺子 等等 ， 吃喝 不 愁 。,[],[6_7_8_9],[6_7_8],[4_8_11_15],[4_7_10_14]
308,manager 非常 好 说话 ；,物 管 非常 好 说话 ；,[],[0],[0_1],[4],[5]
309,现在 房间 还 是 available,现在 房间 还 是 有效,[],[4],[4]
310,欢迎 查询 ： email : em@17,欢迎 查询 ： 电子 邮箱 : em@17,[],[3_4_5],[3_4_5_6],[2_4_5],[2_5_6]
313,大家 一起 share 厨房 。,大家 一起 共 享 厨房 。,[],[2],[2_3],[4],[5]
314,我 是 刚 毕业 没 多久 的 young professional ， 安静 好 相处 ， 会 居家 也 爱 出去 浪 。,我 是 刚 毕业 没 多久 的 年轻 教授 ， 安静 好 相处 ， 会 居家 也 爱 出去 浪 。,[],[7_8_9],[7_8_9],[9_13_20],[9_13_20]
315,房间 full size 床 非常 舒适 。,房间 全尺寸 大 小床 非常 舒适 。,[],[1_2],[1_2_3],[6],[6]
316,租户 仅 限 gg mm 不 可以," "" 租户 仅限 哥哥 """,[],[3_4],[0_1_3_4_5],,[0_1_5]
320,房型 ： 非常 新 的 house,房型 ： 非常 新 的 独栋 住宅,[],[5],[5_6],[1],[1]
322,从 「 现在 」 开始 租 ， 直接 和 manager 签 合同 ！,从 「 现在 」 开始 租 ， 直接 和 经理 签 合同 ！,[],[9],[9],[1_3_6_12],[1_3_6_12]
329,up up up 保持 关注 哦,顶顶顶 保持 关注 哦,[],[0_1_2],[0]
332,房东 也 很 nice 。,房东 也 很 好 。,[],[3_4],[3_4],[4],[4]
333,房子 共 三 层 ， 出租 的 是 二 楼 的 bedroom ， 二 楼 有 独立 厨房 和 卫生间 。,房子 共 三 层 ， 出租 的 是 二 楼 的 卧室 ， 二 楼 有 独立 厨房 和 卫生间 。,[],[11_12],[11_12],[4_12_20],[4_12_20]
334,五 分钟 步行 到 54，71 ac 车站 ， 周边 有 giant eagle ， cvs ， dollar general ， whole foods 等 超市 ， 生活 条件 便利 。,五 分钟 步行 到 54，71 ac 车站 ， 周边 有 大 老鹰 ， cvs ( 超市 名 ) ， dollar general ， whole foods 等 超市 ， 生活 条件 便利 。,[ac_cvs_dollar_general_whole_foods],[5_10_11_12_13_14_15_16_17_18_19],[5_10_11_12_13_14_16_17_18_19_20_21_22_23],[7_12_14_17_22_26],[4_7_12_14_17_18_21_26_30]
335,房租 是 $500 ， 包 水电 暖 网 以及 你 能 想到 的 一切 ， 房东 夫妇 人 非常 nice ， 有 什么 问题 随时 可以 给 他们 打 电话 求助 。,房租 是 $500 ， 包 水电 暖 网 以及 你 能 想到 的 一切 ， 房东 夫妇 人 非常 好 ， 有 什么 问题 随时 可以 给 他们 打 电话 求助 。,[],[19_20],[19_20],[3_14_20_31],[2_3_14_20_31]
336,房子 离 frick park 仅 两 个 block ， 去 公园 里 运动 非常 方便 。,房子 离 弗里克 公园 仅 两 个 街区 ， 去 公园 里 运动 非常 方便 。,[],[2_3_7_8],[2_7_8],[8_15],[8_15]
339,距离 cvs 5-10 分钟 ；,距离 cvs ( 超市名 ) 5-10 分钟 ；,[cvs],[1_2],[1_2_3_4_5],[4],[2_4_5_7]
341,楼层 高度 适中 ， 背 对 north craig st 。,楼层 高度 适中 ， 背 对 北克列戈街 。,[],[6_7_8_9],[6_7],[3_9],[3_7]
342,晚上 ， 有 学校 escort 直达 门口 。,晚上 ， 有 学校 护送 车 直 达 门口 。,[],[4],[4_5_6_7],[1_7],[1_9]
344,up 一下 up up up up,顶 一下 顶顶 顶顶,[],[0_2_3_4_5],[0_2_3]
345,up 一下 up up up,顶 一下 顶顶 顶顶,[],[0_2_3_4],[0_2_3]
346,房子 位 于 greenfield ave ， 紧邻 giant eagle and murry ave .,房子 位于 格林菲尔德 街 ， 紧邻 大老鹰 和 默理街 .,[],[3_4_5_7_8_9_10_11_12],[1_2_3_4_6_7_8_9],[5_12],[4_9]
347,地处 north oakland ， 周围 安全,地处 北 奥克兰 ， 周围 安全,[],[1_2_3],[1_2_3],[3],[3]
350,# NAME ?,公寓 附近 环境 安全 安静 ， 办公室 就 在 公寓 旁边 ， 有 事 可 及时 解决 。,[],[0_1_2],[0_1_2_3_4_5_6_7_8_9_10_11_12_13_14_15_16_17],[0_2],[5_11_17]
352,所有 想 寄 想 return 的 东西 ， 直接 放在 公寓 一 楼 就 可以 。,所有 想 寄 想 送回 的 东西 ， 直接 放在 公寓 一 楼 就 可以 。,[],[4],[4],[7_15],[7_15]
353,免费 送 顶楼 view 和 顶楼 的 阳光 普照 !,免费 送 顶楼 风景 和 顶楼 的 阳光 普照 !,[],[3],[3],[9],[9]
354,附近 有 sichuan gourmet ， 台湾 味 ， every day noodle ， 各 种 小吃 ， 以及 中 超 panda ， giant eagle 。,附近 有 府 河 人家 ， 台湾 味 ， 天天 见面 ， 各 种 小吃 ， 以及 中 超 熊猫 ， 大老鹰 。,[],[2_3_4_8_9_10_11_19_20_21_22_23],[2_3_4_5_9_10_11_19_20_21_22],[4_7_11_15_20_23],[5_8_11_15_20_22]
355,步行 五 分钟 有 whole food 。,步行 五 分钟 有 全食 。,[],[4_5_6],[4_5],[6],[5]
358,环境 ： 住宅 街区 ， free parking 。,环境 ： 住宅 街区 ， 免费 停车 。,[],[5_6_7],[5_6_7],[1_4_7],[1_4_7]
359,房型 ： house 非常 新 ， 装 修好,房型 ： 独 栋 住宅 非常 新 ， 装 修好,[],[2],[2_3_4],[1_5],[1_7]
360,如 有 需要 可 免费 提供 bedding set ， 餐具 厨具,如 有 需要 可 免费 提供 床上 用品 ， 餐具 厨具,[],[6_7_8],[6_7_8],[8],[8]
361,上学 或是 去 giant eagle/cvs / whole foods 等 地 grocery shopping 都 很 便利 。,上学 或是 去 大老鹰 / cvs （ 超市名 ） / 全食 等 地 副食店 都 很 便利 。,[cvs],[3_4_5_6_7_10_11],[3_4_5_6_7_8_9_10_13],[5_15],[4_6_8_9_17]
362,全新 的 宜家 买 的 full size 的 床 和 书桌 柜子 ， 房间 内 有 closet 。,全新 的 宜家 买 的 全尺寸 大小 的 床 和 书桌 柜子 ， 房间 内 有 衣橱 。,[],[5_6_16_17],[5_6_16_17],[12_17],[12_17]
363,晚上 还 有 escort 直达 公寓 门口 。,晚上 还有 护送 车直 达 公寓 门口 。,[],[3],[1_2_3_4],[7],[7]
364,word 天 今天 有 人 联系 我 了 ！,我的天 今天 有 人 联系 我 了 ！,[],[0],[0],[8],[7]
365,lobby 有 单独 的 放 快递 的 房间 ， 不 怕 包裹 丢失 ， 非常 贴心 。,大厅 有 单独 的 放 快递 的 房间 ， 不 怕 包裹 丢失 ， 非常 贴心 。,[],[0],[0],[8_13_16],[8_13_16]
368,usp = sharing 国内 的 朋友 可以 联系 我 打包 图片 发给 你 ~,usp = sharing 国内 的 朋友 可以 联系 我 打包 图片 发给 你 ~,[usp_sharing],[0_1_2],[0_1_2],[1_13],[1_13]
371,940$ / 月 ， 水电 煤 暖气 全 包 ， 楼 下 有 parking lot 免费 停车 。,940$ / 月 ， 水电 煤 暖气 全 包 ， 楼 下 有 停车场 免费 停车 。,[],[0_1_13_14],[0_1_13],[1_3_9_17],[0_1_3_9_16]
372,小区 环境 安静 ： 有 多 处 playground ， 很 适合 家庭 居住 。,小区 环境 安静 ： 有 多 处 操场 ， 很 适合 家庭 居住 。,[],[7_8],[7_8],[3_8_13],[3_8_13]
374,地点 ： central oakland 匹 大校 区内,地点 ： 中 奥克兰 匹 大校 区内,[],[2_3],[2_3],[1],[1]
378,请 备注 “ 租房 ” screen shot 2017-10-17 at 13 .,请 备注 “ 租房 ” 截屏 2017-10 - 17 在 13 .,[],[5_6_7_8_9_10],[5_6_7_8_9_10_11],[2_4_10],[2_4_6_7_11]
380,长方形 带 走廊 房间 （ 走廊 带 closet ）,长方形 带 走廊 房间 （ 走廊 带 衣橱 ）,[],[7_8],[7_8],[4_8],[4_8]
381,在 shady ave .,在 沙迪街 .,[],[1_2_3],[1_2],[3],[2]
382,和 walnut st .,和 核桃 街,[],[1_2_3],[1_2],[3]
383,此 消息 作废 我 没 看见 怎么 删除 sorry,此 消息 作废 我 没 看见 怎么 删除 对不起,[],[8],[8]
384,clair 医院 和 mt lebanon 公园 。,克莱尔 医院 和 黎巴嫩 山 公园 。,[],[0_3_4],[0_3_4],[6],[6]
385,地址 在 ： squirrel hill murray avenue 上,地址 在 ： 松鼠 默里 街上,[],[3_4_5_6],[3_4_5],[2],[2]
386,房型 ： house 分 三 层 ， 每 层 独立 ， 互 不 影响 。,房型 ： 独 栋 住宅 分 三 层 ， 每 层 独立 ， 互 不 影响 。,[],[2],[2_3_4],[1_6_10_14],[1_8_12_16]
388,欢迎 text ， 不 能 时时 接 电话 。,欢迎 短信 ， 不 能 时时 接 电话 。,[],[1_2],[1_2],[2_8],[2_8]
389,house 概况 ： 地上 两 层 、 地下 一 层 ；,独 栋 住宅 概况 ： 地上 两 层 、 地下 一 层 ；,[],[0],[0_1_2],[2_6_10],[4_8_12]
390,webster hall 是 老牌 公寓 了 ， 口碑 好 而且 没有 刚 装修 的 异味,韦伯斯特 大厅 是 老牌 公寓 了 ， 口碑 好 而且 没有 刚 装修 的 异味,[],[0_1],[0_1],[6],[6]
391,craig street 上 还有 很多 吃 的 和 韩国 小 超市,克列戈 街上 还 有 很多 吃 的 和 韩国 小 超市,[],[0_1],[0_1_2_3]
396,房间 内 各 种 用具 桌子 都 有 ， closet 很 大 ， 客厅 和 卧室 的 独立 性 相当 ， 空间 也 很 大 ， 只 需要 一 个 床 即 可 。,房间 内 各 种 用具 桌子 都 有 ， 衣橱 很 大 ， 客厅 和 卧室 的 独立 性 相当 ， 空间 也 很 大 ， 只 需要 一 个 床 即 可 。,[],[9],[9],[8_12_20_25_33],[8_12_20_25_33]
397,每 个 房间 也 可以 单独 出租 ， 租金 在 $650-$700 ， 这个 租金 包含 了 所有 utilities 。,每 个 房间 也 可以 单独 出租 ， 租金 在 $650-$700 ， 这个 租金 包含 了 所有 水电气 。,[],[17_18],[17_18],[7_11_18],[7_10_11_18]
398,五六 分钟 可以 走到 murray 大街 的 giant eagle ( giant eagle 是 最 大 的 食品 超级 市场 ) 家具 齐全 ，,五六 分钟 可以 走到 默里 大街 的 大 老鹰 ( 大 老鹰 是 最 大 的 食品 超级 市场 ) 家具 齐全 ，,[],[4_7_8_9_10_11],[4_8_9_11],[9_19_22],[9_19_22]
401,门口 有 bus 到 中国 店 等 。,门口 有 公交 到 中国 店 等 。,[],[2],[2],[7],[7]
402,要求 ： security deposit ， 爱 整洁 ， 有 责任感,要求 ： 保证金 ， 爱 整洁 ， 有 责任感,[],[2_3_4],[2_3],[1_4_7],[1_3_6]
407,prefer ： 研究生 或 博士生,倾向于 ： 研究生 或 博士生,[],[0_1],[0_1],[1],[1]
408,公寓 是 服务 很 好 搭 forbes management 的 财产 。,公寓 是 服务 很 好 搭 福布斯 物业 的 财产 。,[],[6_7],[6_7],[10],[10]
409,全新 的 宜家 买 的 twin size 的 床 和 书桌 柜子 ， 房间 内 有 closet 。,全新 的 宜家 买 的 小号 的 床 和 书桌 柜子 ， 房间 内 有 衣橱 。,[],[5_6_16_17],[5_15_16],[12_17],[11_16]
410,公寓 的 管理 非常 好 ， 有 一 个 doorman ， 每 天 出入 公寓 会 给 住户 开门 ！,公寓 的 管理 非常 好 ， 有 一 个 门卫 ， 每 天 出入 公寓 会 给 住户 开门 ！,[],[9_10],[9_10],[5_10_19],[5_10_19]
411,whole foods 是 我 去 的 最 频繁 的 超市 ， 因为 里边 只 卖 有机 食品 ， 质量 有 保证 。,全食 是 我 去 的 最 频繁 的 超市 ， 因为 里边 只 卖 有机 食品 ， 质量 有 保证 。,[],[0_1],[0],[10_17_21],[9_16_20]
412,欢迎 感兴趣 的 妹子 联系 我 拿 floor plan 和 各 种 房子 图片 ~,欢迎 感兴趣 的 妹子 联系 我 拿 平面图 和 各 种 房子 图片 ~,[],[7_8],[7],[14],[13]
413,距离 大 超市 giant eagle 很 近 ， 周围 有 超 多 饭馆 （ 包括 中餐 ） ， 还有 银行 等 。,距离 大 超市 大 老鹰 很 近 ， 周围 有 超 多 饭馆 （ 包括 中餐 ） ， 还有 银行 等 。,[],[3_4],[4],[7_13_16_17_21],[7_13_16_17_21]
414,暖气 是 用 gas 的 ， 不用 担心,暖气 是 用气 的 ， 不用 担心,[],[3],[2],[5],[4]
416,步行 距离 去 美国 超市 （ giant eagle ） 和 中国 超市 （ panda supermarket ）,步行 距离 去 美国 超市 （ 大老鹰 ） 和 中国 超市 （ 熊猫 超市 ）,[],[6_7_8_13_14_15],[6_7_12],[5_8_12_15],[5_7_11_14]
417,如 感 兴趣 ， 请 发 邮件 : yan em@18,如 感 兴趣 ， 请 发 邮件 : yan em@18,[yan],[8_9],[8_9],[3_7_9],[3_7_9]
418,地点 ： north oakland/shadyside,地点 ： 北 奥克兰 / 沙迪,[],[2_3],[2_3_4_5],[1],[1_4]
419,房型 ： house 有 院子,房型 ： 独 栋 住宅 有 院子,[],[2],[2_3_4],[1],[1]
421,位 于 north craig st 上 的 两 室 一 厅 公寓 招租 ， 长 租 优先 ， 长短 租 均 可 。,位 于 北克列戈 街 上 的 两 室 一 厅 公寓 招租 ， 长 租 优先 ， 长短 租 均 可 。,[],[2_3_4],[2_3],[13_17_22],[12_16_21]
422,来回 都 没有 traffic .,来回 都 没有 交通 .,[],[3_4],[3_4],[4],[4]
423,公寓 有 off street parking 且 允许 养 宠物 。,公寓 有 露天 停车 且 允许 养 宠物 。,[],[2_3_4],[2_3],[9],[8]
424,小区 居民 是 匹 大学生 和 年轻 学者 以及 美国 白人 等 ， 学校 的 shuttle 从 门前 经过 。,小区 居民 是 匹 大学生 和 年轻 学者 以及 美国 白人 等 ， 学校 的 摆渡 车 从 门前 经过 。,[],[15],[15_16],[12_19],[12_20]
428,须 直接 和 物业 联系 ， 具体 公寓 信息 和 联系 方式 可 搜索 ： mozart cavendish apartment 房间 名称 ： latimer,须 直接 和 物业 联系 ， 具体 公寓 信息 和 联系 方式 可 搜索 ： 莫扎特 卡文迪许 公寓 房间 名称 ： 拉 蒂默,[],[15_16_17_21],[15_16_21_22],[5_14_20],[5_14_20]
429,步行 距离 至 mellon park ， bakery square （ shopping ， dinner ， etc ）,步行 距离 至 美伦 公园 ， 面板 广场 （ 购物 ， 晚餐 ， 等 ）,[],[3_4_5_6_7_8_9_10_11_12_13_14],[3_4_5_6_7_8_9_10_11_12_13_14],[5_8_10_12_14],[5_8_10_12_14]
430,如果 你 想 看 更多 图片 或 了解 更 多 信息 ， 也 可以 在 联系 物业 前 和 我 联系 ， 我 会 提供 更 多 个 人 的 居住 体验 ， tips ， 或是 公寓 更 多 细节 。,如果 你 想 看 更多 图片 或 了解 更 多 信息 ， 也 可以 在 联系 物业 前 和 我 联系 ， 我 会 提供 更 多 个 人 的 居住 体验 ， 忠告 ， 或是 公寓 更 多 细节 。,[],[33_34],[33_34],[11_21_32_34_40],[11_21_32_34_40]
431,电话 ： pn-10 （ text first ）,电话 ： pn-10 （ 短信 优先 ）,[],[4_5_6],[4_5_6],[1_2_3_6],[1_2_3_6]
433,可以 share 大部分 家用 电器 ， 厨房 用品 ， 家具 等 。,可以 共享 大部分 家用 电器 ， 厨房 用品 ， 家具 等 。,[],[1],[1],[5_8_11],[5_8_11]
434,地点 在 murray ave .,地点 在 默里 街 .,[],[2_3_4],[2_3_4],[4],[4]
435,另 有 全套 基本 家具 （ full size 床 / 书桌 / 柜子 / 空调 ） 如 需要 可 低价 转让 。,另 有 全套 基本 家具 （ 全尺寸 大小 床 / 书桌 / 柜子 / 空调 ） 如 需要 可 低价 转让 。,[],[6_7],[6_7],[5_9_11_13_15_21],[5_9_11_13_15_21]
436,请 联系 rent em@1,请 联系 rent em@1,[rent],[2_3],[2_3],[3],[3]
437,因为 之前 要 租 的 同学 变卦 所以 房间 又 available 了 ， 有 兴趣 请 邮件 联系 ， 我 会 提供 照片 ~,因为 之前 要 租 的 同学 变卦 所以 房间 又 有效 了 ， 有 兴趣 请 邮件 联系 ， 我 会 提供 照片 ~,[],[10],[10],[12_18_23],[12_18_23]
438,mini van 包车 往返 pit 机场 及 匹兹堡 市区,小面包 车 包车 往返 pit 机场 及 匹兹堡 市区,[pit],[0_1_4],[0_1_4]
439,车辆 ： honda odyssey,车辆 ： 本田 奥德赛,[],[2_3],[2_3],[1],[1]
444,八月 初 入住 ， 一 年 lease .,八月 初 入住 ， 一 年 合同 .,[],[6_7],[6_7],[3_7],[3_7]
445,oakland 的 好 房 您 不 能 错过 ！,奥克兰 的 好 房 您 不 能 错过 ！,[],[0],[0],[8],[8]
446,如果 感 兴趣 ， 欢迎 联系 wet em@19,如果 感 兴趣 ， 欢迎 联系 wet em@19,[wet],[6_7],[6_7],[3_7],[3_7]
447,oakland 有 一 栋 三 层 楼 六 个 卧室 ， 两 个 带 浴室 的 厕所 的 连 栋 房 。,奥克兰 有 一 栋 三 层 楼 六 个 卧室 ， 两 个 带 浴室 的 厕所 的 连 栋 房 。,[],[0],[0],[10_21],[10_21]
451,月 租金 $450 ， 包 所有 utilities 。,月 租金 $450 ， 包 所有 水电气 。,[],[6_7],[6_7],[3_7],[2_3_7]
459,hello 大家 好,嘿 大家 好,[],[0],[0]
460,联系 电话 ： 412-6518342 jane li,联系 电话 ： 412-6518342 jane li,[jane_li],[4_5],[4_5],[2],[2_3]
462,位于 安全 的 西 oakland ！,位于 安全 的 西 奥克兰 ！,[],[4_5],[4_5],[5],[5]
463,apartment 网站 如下 ：,公寓 网站 如下 ：,[],[0],[0],[3],[3]
464,在 walnut 附近 ， 附近 有 很多 吃饭 逛街 的 地方,在 核桃 街 附近 ， 附近 有 很多 吃饭 逛街 的 地方,[],[1],[1_2],[3],[4]
465,公共 家居 都 是 全 的 ， 房间 里 有 桌子 椅子 ， full size 的 床 ， 因为 我 之后 还 要 回来 住 ， 所以 柜子 ， 箱子 里面 的 东西 希望 你 不 要 动,公共 家居 都 是 全 的 ， 房间 里 有 桌子 椅子 ， 全尺寸 大小 的 床 ， 因为 我 之后 还 要 回来 住 ， 所以 柜子 ， 箱子 里面 的 东西 希望 你 不 要 动,[],[13_14],[13_14],[6_12_17_25_28],[6_12_17_25_28]
466,已 降价 ， still available,已 降价 ， 依旧 有效,[],[3_4],[3_4],[2],[2]
467,出租 的 这个 卧室 很 大 ， 阳光 充沛 ， 是 独 栋 三 层 大 house 四 个 卧室 中 的 一 个 。,出租 的 这个 卧室 很 大 ， 阳光 充沛 ， 是 独 栋 三 层 大 独 栋 住宅 四 个 卧室 中 的 一 个 。,[],[16],[18],[6_9_24],[6_9_26]
468,出租 的 这个 卧室 位于 第二 层 ， 一 层 是 share 的 客厅 餐厅 和 厨房 。,出租 的 这个 卧室 位于 第二 层 ， 一 层 是 共享 的 客厅 餐厅 和 厨房 。,[],[11],[11],[7_17],[7_17]
469,家具 齐全 ， 书架 ， 衣柜 ， full size 床 ， 书桌 ， 椅子 等 ；,家具 齐全 ， 书架 ， 衣柜 ， 全尺寸 大 小 床 ， 书桌 ， 椅子 等 ；,[],[7_8],[7_8_9],[2_4_6_10_12_15],[2_4_6_11_13_16]
470,取暖 用 gas ， 暖气 很 足 ， 房东 付 。,取暖 用 气 ， 暖气 很 足 ， 房东 付 。,[],[2_3],[2_3],[3_7_10],[3_7_10]
471,房子 的 大致 floor plan,房子 的 大致 平面图,[],[3_4],[3]
472,二 楼 的 full bathroom,二 楼 的 完整 浴室,[],[3_4],[3_4]
473,家具 齐全 ， 书架 ， 衣柜 ， queen size 床 ， 书桌 ， 椅子 等 ；,家具 齐全 ， 书架 ， 衣柜 ， 大号 尺寸 的 床 ， 书桌 ， 椅子 等 ；,[],[7_8],[7_8_9],[2_4_6_10_12_15],[2_4_6_11_13_16]
474,走 五 分钟 过 一 个 街区 就 是 forbes 和 murray ave ， 各 种 餐馆 ， 超市 都 能 找到 。,走 五 分钟 过 一 个 街区 就 是 福布斯 和 默里 街 ， 各 种 餐馆 ， 超市 都 能 找到 。,[],[9_11_12_13],[9_11_12_13],[13_17_22],[13_17_22]
475,公寓 有 免费 gym ， 门口 有 免费 停车场 。,公寓 有 免费 体育馆 ， 门口 有 免费 停车场 。,[],[3_4],[3_4],[4_9],[4_9]
476,你 好 ， 可以 看看 我们 的 house ， 详见 我 的 帖子,你 好 ， 可以 看看 我们 的 独栋 住宅 ， 详见 我 的 帖子,[],[7_8],[7_8_9],[2_8],[2_9]
477,east liberty 超大 公寓 出租 啦 ！," "" "" "" "" "" 东方 责任 "" "" "" "" 超大 公寓 出租 啦 ！ "" "" """,[],[0_1],[0_1_2_3_4_5_6_7_8_9_10_11],[6],[0_1_2_3_4_5_8_9_10_11_16_17_18_19]
478,mozart 是 匹兹堡 的 大 物业 ， arlington 是 mozart 的 物业 总部 ， 物业 维修 都 很 方便 。,莫扎特 是 匹兹堡 的 大 物业 ， 艾灵顿 是 莫扎特 的 物业 总部 ， 物业 维修 都 很 方便 。,[],[0_7_9],[0_7_9],[6_13_19],[6_13_19]
479,门口 有 cvs 很 方便 。,门口 有 cvs ( 超市名 ) 很 方便 。,[cvs],[2],[2_3_4_5],[5],[3_5_8]
482,房租 不 包括 utilities （ 水 / 电 / 气 ） 。,房租 不 包括 水电气 （ 水 / 电 / 气 ） 。,[],[3_4],[3_4],[4_6_8_10_11],[4_6_8_10_11]
483,采光 充足 ， 物业 nice 。,采光 充足 ， 物业 好 。,[],[4_5],[4_5],[2_5],[2_5]
484,整 租 可以 直接 跟 物业 签 lease 一 年 。,整 租 可以 直接 跟 物业 签 合同 一 年 。,[],[7],[7],[10],[10]
485,独立 house 二 层 整 层 出租 ， 无需 准备 家具 ， 拎包 入住 。,独立 独 栋 住宅 二 层 整 层 出租 ， 无需 准备 家具 ， 拎包 入住 。,[],[1],[1_2_3],[7_11_14],[9_13_16]
486,公寓 位 于 cvs 超市 旁 生活 十分 便利 ， 离 公交 车站 也 非常 近 十 分钟 可 到 giant eagle 等 大 超市 。,公寓 位 于 cvs ( 超市名 ) 超市 旁 生活 十分 便利 ， 离 公交 车站 也 非常 近 十 分钟 可 到 大老鹰 等 大 超市 。,[cvs],[3_20_21],[3_4_5_6_23],[9_25],[4_6_12_27]
488,拎包 入住 ～ 关于 公寓 信息 就 不 用 多 说 了 吧 ， 那 是 相当 popular ， 相当 好 的 ~~~,拎包 入住 ～ 关于 公寓 信息 就 不 用 多 说 了 吧 ， 那 是 相当 受 追捧 ， 相当 好 的 ~~~,[],[17_18],[17_18_19],[2_13_18],[2_13_19_23]
489,preferred 地点 ：,比较 喜欢 的 地点 ：,[],[0],[0_1_2],[2],[4]
490,最 多 两 人 share 一 个 卫生间,最 多 两 人 共享 一 个 卫生间,[],[4],[4]
491,研究生 social work 入学 ， 过去 五 年 在 美国 中部 一 城市 学习 + 工作,研究生 社会 工作 入学 ， 过去 五 年 在 美国 中部 一 城市 学习 + 工作,[],[1_2],[1],[4_14],[4_14]
493,公寓 house 皆 可 。,公寓 独栋 住宅 皆 可 。,[],[1],[1_2],[4],[5]
494,距离 giant eagle 步行 十 分钟 。,距离 大老鹰 步行 十 分钟 。,[],[1_2],[1],[6],[5]
495,utility : 自理,水电气 : 自理,[],[0_1],[0_1],[1],[1]
496,tel ： pn-11 （ 短信 优先 ）,电话 ： pn-11 （ 短信 优先 ）,[],[0_1_2_3],[0_1_2_3],[1_2_3_6],[1_2_3_6]
497,后院 有 鱼池 ， 有 阳台 ， 可以 barbecue ；,后院 有 鱼池 ， 有 阳台 ， 可以 烧烤 ；,[],[8_9],[8_9],[3_6_9],[3_6_9]
498,在 murray ave 上 ， 步行 去 giant eagle 和 餐馆,在 默里 街 上 ， 步行 去 大 老鹰 和 餐馆,[],[1_2_7_8],[1_2_7_8],[4],[4]
499,周围 有 饭店 超市 逛街 场所 walnut st 。,周围 有 饭店 超市 逛街 场所 核桃 街 。,[],[6_7_8],[6_7_8],[8],[8]
500,是 house 。,是 独栋 住宅 。,[],[1_2],[1_2_3],[2],[3]
501,available 时间 是 5 .,有效 时间 是 5 .,[],[0],[0_3_4],[4],[4]
502,房型 ： studio ( efficiency ),房型 ： 工作室 ( 效率 ),[],[2_3_4_5],[2_3_4_5],[1_3_5],[1_3_5]
503,走路 10-15 min 可 到 pitt&cmu ；,走路 10 - 15 分钟 可 到 匹大/卡耐基 梅隆 ；,[],[2],[1_2_3_4_8_9],[6],[2_7_9]
504,house 一共 有 三 间 卧室 ， 另外 两 间 分别 住 了 一 个 匹 大 本科 美国 女生 ， 和 一 个 匹 大 博士后 中国 男生 。,独 栋 住宅 一 共 有 三 间 卧室 ， 另外 两 间 分别 住 了 一 个 匹 大 本科 美国 女生 ， 和 一 个 匹 大 博士后 中国 男生 。,[],[0],[0_1_2_4],[6_20_29],[9_23_32]
505,房租 ： $400 / 月 全 包 ， 已 包含 所有 utilities + 网 费 + management 申请 费$200 .,房租 ： $400 / 月 全 包 ， 已 包含 所有 水电气 + 网 费 + 物业 申请 费$200 .,[],[11_12_16],[11_12_16],[1_3_7_12_15_19],[1_2_3_7_12_15_18_19]
506,house 宽敞 整洁 ， 4b1 .,独 栋 住宅 宽敞 整洁 ， 4b1 .,[],[0],[0_1_2_6_7],[3_5],[5_7]
507,不 开 party ！,不 开 聚会 ！,[],[2_3],[2_3],[3],[3]
509,house 里面 的 一 个 客厅 ， 带 家具,独 栋 住宅 里面 的 一 个 客厅 ， 带 家具,[],[0],[0_1_2],[6],[8]
510,本人 pitt master ， 暑期 要 去 别 州 ， 短期 出租 一 室 一 厅 的 apartment ， 公寓 环境 非常 好 ， 基本 都 是 pitt/cmu 的 学生 或 工作 人员 。,本人 匹兹堡 硕士 ， 暑期 要 去 别 州 ， 短期 出租 一 室 一 厅 的 公寓 ， 公寓 环境 非常 好 ， 基本 都 是 匹大/卡耐基 梅隆 的 学生 或 工作 人员 。,[],[1_2_3_17_18],[1_2_3_28],[3_9_18_23_33],[3_9_18_23_27_34]
511,朋友 来 聚餐 ， 开 party 都 有 足够 空间 。,朋友 来 聚餐 ， 开 聚会 都 有 足够 空间 。,[],[5],[5],[3_10],[3_10]
513,房子 是 一 个 大 house 有 院子 ， 门口 就 可以 免费 停车 很 方便 。,房子 是 一 个 大 独 栋 住宅 有 院子 ， 门口 就 可以 免费 停车 很 方便 。,[],[5],[5_6_7],[8_16],[10_18]
515,联系 方式 ： email : em@20,联系 方式 ： 电子 邮件 : em@20,[],[3_4_5],[3_4_5_6],[2_4_5],[2_5_6]
517,utility : 自理 （ 约 80-100 / 月 ）,水电气 : 自理 （ 约 80-100 / 月 ）,[],[0_1],[0_1],[1_3_6_8],[1_3_5_6_8]
518,本人 pitt 研究生 ， 女生 。,本人 匹兹堡 大学 研究生 ， 女生 。,[],[1],[1_2],[3_5],[4_6]
519,north oakland 好 房 暑期 出租 ！,北 奥克兰 好 房 暑期 出租 ！,[],[0_1],[0_1],[6],[6]
520,附近 有 rite aid ， iga 超市 ， 满足 日常 需求 。,附近 有 rite aid ( 连锁 超市 名 ) ， iga ( 连锁 超市 名 ) 超市 ， 满足 日常 需求 。,[rite_aid_iga],[2_3_4_5],[2_3_4_5_7_8_9_10_11_12_14_15],[4_7_11],[4_8_9_11_15_17_21]
521,下面 是 自己 对 这个 apartment 的 一些 总结 。,下面 是 自己 对 这个 公寓 的 一些 总结 。,[],[5],[5],[9],[9]
522,入住 需要 和 meyer 签 合约 。,入住 需要 和 迈耶斯 签 合约 。,[],[3],[3],[6],[6]
523,没有 不良 嗜好 （ 最好 是 学生 ， 背景 简单 ） ， 不 会 在 家里 开 party 。,没有 不良 嗜好 （ 最好 是 学生 ， 背景 简单 ） ， 不 会 在 家里 开 聚会 。,[],[17_18],[17_18],[3_7_10_11_18],[3_7_10_11_18]
524,离 target ， trader joe ’ s ~ 1 .,离 塔吉特 ， 缺德舅 ~ 1 .,[],[1_2_3_4_5_6_7_8_9],[1_2_3_4_5_6],[2_5_7_9],[2_4_6]
525,有 兴趣 同学 可以 联系 mil em@21,有 兴趣 同学 可以 联系 mil em@21,[mil],[5_6],[5_6],[6],[6]
526,有 车库 ， drive way parking 和 street parking 。," "" 有 车库 ， "" "" "" "" 车道 停车 "" "" "" "" 和 路边 停车 。 "" "" """,[],[3_4_5_7_8_9],[0_1_9_10_11_12_13_14_16_17_18_19_20_21],[2_9],[0_1_4_5_6_7_8_11_12_13_14_18_19_20_21]
528,位 于 trees hall 附近 ， 步行 至 trees hall 仅 三 分钟,位于 大 树 厅 附近 ， 步行 至 大树厅 仅 三 分钟,[],[2_3_8_9],[0_1_2_3_8],[5],[5]
529,地址 位 于 beacon st ， 是 独 栋 房屋 的 一 层 。,地址 位 于 烽火 街 ， 是 独 栋 房屋 的 一 层 。,[],[3_4_5],[3_4_5],[5_13],[5_13]
530,后院 有 私家 车库 ， beacon st 两 侧 也 可 免费 趴 车 。,后院 有 私家 车库 ， 烽火 街 两 侧 也 可 免费 趴 车 。,[],[5_6],[5_6],[4_14],[4_14]
531,紧邻 cvs ， 和 south craig street 上 众多 餐馆 。,紧邻 cvs ( 超市名 ) ， 和 南克列戈 街 上 众多 餐馆 。,[cvs],[1_2_4_5_6],[1_2_3_4_5_7_8],[2_10],[2_4_5_12]
532,卫生间 去年 年底 刚刚 装修 ， 简直 高大 上 ~~~ 物业 为 meyer management ， 属于 匹兹堡 地区 老牌 物业 ， 服务 周到 。,卫生间 去年 年底 刚刚 装修 ， 简直 高大 上 ~~~ 物业 为 迈耶斯 物业 ， 属于 匹兹堡 地区 老牌 物业 ， 服务 周到 。,[],[12_13_14],[12],[5_14_20_23],[5_9_14_20_23]
533,三 个 大 卧室 ， 两 年 前 新 装修 厨房 面积 大 ， 采光 好 ， 有 花岗岩 台面 ， 新 橱柜 及 新 appliances .,三 个 大 卧室 ， 两 年 前 新 装修 厨房 面积 大 ， 采光 好 ， 有 花岗岩 台面 ， 新 橱柜 及 新 器具 .,[],[25_26],[25_26],[4_13_16_20_26],[4_13_16_20_26]
534,如果 有 兴趣 可以 联系 我 email : em@22,如果 有 兴趣 可以 联系 我 电子 邮件 : em@22,[],[6_7_8],[6_7_8_9],[7_8],[8_9]
536,步行 可 达 whole fruit ( 大型 食品 超市 ) ， target ( 家居 卖场 ） 。,步行 可 达 全 果 ( 大型 食品 超市 ) ， 塔吉特 ( 家居 卖场 ） 。,[],[3_4_5_11_12],[3_4_5_11_12],[5_9_10_12_15_16],[5_9_10_12_15_16]
538,still available 价格 可以 商议,依旧 有效 ; 价格 可以 商议,[],[0_1],[0_1_2],,[2]
539,房型 ： mozart 最大 一 套 ， 两 室 一 厅 ， 客厅 不 住 人 ， 出租 中央 卧室 。,房型 ： 莫扎特 最大 一 套 ， 两 室 一 厅 ， 客厅 不 住 人 ， 出租 中央 卧室 。,[],[2],[2],[1_6_11_16_20],[1_6_11_16_20]
543,有 一 个 fireplace ， 中央 空调 。,有 一 个 壁炉 ， 中央 空调 。,[],[3_4],[3_4],[4_7],[4_7]
547,apartment ， 两 室 一 厅 ， 出租 其中 一 间 卧室 。,公寓 ， 两 室 一 厅 ， 出租 其中 一 间 卧室 。,[],[0_1],[0_1],[1_6_12],[1_6_12]
548,可以 share 大部分 家用 电器 ， 厨房 用品 ， 客厅 家具 等 。,可以 公寓 大部分 家用 电器 ， 厨房 用品 ， 客厅 家具 等 。,[],[1],[1],[5_8_12],[5_8_12]
553,apartment 是 一 房 一 厅 ， 一 厨房 ， 一 卫浴 。,公寓 是 一 房 一 厅 ， 一 厨房 ， 一 卫浴 。,[],[0],[0],[6_9_12],[6_9_12]
554,meyer 管理 ， 绝对 安全 。,迈耶斯 管理 ， 绝对 安全 。,[],[0],[0],[2_5],[2_5]
555,非常 适合 coupon 或者 一 个 人 ！,非常 适合 一 对儿 或者 一 个 人 ！,[],[2],[3],[7],[8]
556,本人 是 pitt master 在 读 已经 在 这 住 一 年 了,本人 是 匹兹堡 大学 硕士 在 读 已经 在 这 住 一 年 了,[],[2_3],[2_3_4]
557,现有 两 名 女生 居住 ， 一 名 匹 大 phd ， 另 一 名 匹 大 master ， 都 是 很 好 相处 的 女生 。,现有 两 名 女生 居住 ， 一 名 匹 大 博士 ， 另 一 名 匹 大 硕士 ， 都 是 很 好 相处 的 女生 。,[],[10_11_17_18],[10_11_17_18],[5_11_18_26],[5_11_18_26]
558,物业 是 口碑 很 好 的 mayer ’ s management ， 上门 修 东西 十分 及时 且 免费 。,物业 是 口碑 很 好 的 迈耶斯 物业 ， 上门 修 东西 十分 及时 且 免费 。,[],[6_7_8_9_10],[6],[7_10_18],[8_16]
559,apartment : 一 室 一 厅 。,公寓 : 一 室 一 厅 。,[],[0_1],[0_1],[1_6],[1_6]
560,roommate ： 匹 大 硕士 第二 年 ， 温柔 安静 好 相处 。,室友 ： 匹 大 硕士 第二 年 ， 温柔 安静 好 相处 。,[],[0_1],[0_1],[1_7_12],[1_7_12]
561,饭厅 有 两 张 书桌 ， 房间 有 一 张 king size bed 。,饭厅 有 两 张 书桌 ， 房间 有 一 张 超 大号 床 。,[],[10_11_12_13],[10_11_12_13],[5_13],[5_13]
562,交通 极 便利 ， forbes 上 几乎 所有 最 主要 的 公交 线路 都 直接 从 门口 经过 。,交通 极 便利 ， 福布斯 上 几乎 所有 最 主要 的 公交 线路 都 直接 从 门口 经过 。,[],[4],[4],[3_18],[3_18]
563,户型 ： 一 室 一 厅 ， 崭新 的 apartment room 。,户型 ： 一 室 一 厅 ， 崭新 的 公寓 间 。,[],[9_10_11],[9_10_11],[1_6_11],[1_6_11]
564,现有 两 匹 大 男生 ， 一 master 一 phd ， 很 好 相处 。,现有 两 匹 大 男生 ， 一 硕士 一 博士 ， 很 好 相处 。,[],[7_9_10],[7_9_10],[5_10_14],[5_10_14]
565,ps ： 房子 的 位置 在 north oakland ， 周围 小区 华人 和 白人 比较 多 ， 所以 比较 安全 ， 晚上 回家 也 不用 特别 担心 。,附笔 ： 房子 的 位置 在 北奥克兰 ， 周围 小区 华人 和 白人 比较 多 ， 所以 比较 安全 ， 晚上 回家 也 不用 特别 担心 。,[],[0_1_6_7_8],[0_1_6_7],[1_8_16_20_27],[1_7_15_19_26]
566,如果 有 兴趣 可以 联系 我 email :,如果 有 兴趣 可以 联系 我 电子 邮件 :,[],[6_7],[6_7_8],[7],[8]
568,附近 有 giant eagle ， 各 种 餐厅 ， 离 公园 frick park 走路 一 分钟 。,附近 有 大 老鹰 ， 各 种 餐厅 ， 离 公园 弗里克 公园 走路 一 分钟 。,[],[2_3_4_11_12],[2_3_4_11],[4_8_16],[4_8_16]
570,美国 请 联系 王 哥 pn-12 （ 美国 电话 ） ， email ： em@23,美国 请 联系 王 哥 pn-12 （ 美国 电话 ） ， 电子 邮箱 ： em@23,[],[11_12_13],[11_12_13_14],[5_6_9_10_12_13],[5_6_9_10_13_14]
571,距离 川 霸王 ， 天天 见面 ， 府 河 人家 ， giant eagle 都 是 步 走 距离 ， 生活 便利 ；,距离 川 霸王 ， 天天 见面 ， 府 河 人家 ， 大老鹰 都 是 步 走 距离 ， 生活 便利 ；,[],[11_12],[11],[3_6_10_18_21],[3_6_10_17_20]
574,暑假 在 匹 大 上 summer ， 实在 不 想 再 搬 一 次 。,暑假 在 匹 大 上 暑校 ， 实在 不 想 再 搬 一 次 。,[],[5_6],[5_6],[6_14],[6_14]
576,联系 方式 ： email : em@24,联系 方式 ： 电子 邮件 : em@24,[],[3_4_5],[3_4_5_6],[2_4_5],[2_5_6]
577,管理 公司 是 匹兹堡 口碑 很 好 的 meyers management ， 维修 速度 非常 快 ， 且 没有 额外 费用,管理 公司 是 匹兹堡 口碑 很 好 的 迈耶斯 物业 ， 维修 速度 非常 快 ， 且 没有 额外 费用,[],[8_9_10],[8_9_10],[10_15],[10_15]
579,物业 为 meyer management ， 属于 匹兹堡 地区 老牌 物业 ， 服务 周到 。,物业 为 迈耶斯 物业 ， 属于 匹兹堡 地区 老牌 物业 ， 服务 周到 。,[],[2_3_4],[2],[4_10_13],[4_10_13]
580,有意 者 text or call pn-13 better to text first .,有 意 者 短信 或者 电话 pn-13 最 好 短信 优先 .,[],[2_3_4_5_6_7_8_9_10],[0_1_3_4_5_6_7_8_9_10_11],[5_10],[6_11]
582,pets 可以 商量 。,宠物 可以 商量 。,[],[0],[0],[3],[3]
583,补充 ： bathroom,补充 ： 浴室,[],[2],[2],[1],[1]
584,这 是 one bedroom apartment .,这 是 单 卧室 公寓 .,[],[2_3_4_5],[2_3_4_5],[5],[5]
587,房子 结构 ： 三 层 楼 house,房子 结构 ： 三 层 楼 独 栋 住宅,[],[6],[6_7_8],[2],[2]
588,周边 ： 附近 有 bar 和 餐厅 ， 还 有 小 超市 。,周边 ： 附近 有 酒吧 和 餐厅 ， 还 有 小 超市 。,[],[4],[4],[1_7_12],[1_7_12]
589,邮箱 [ url = em@25,邮箱 [ 统一 资源 定位 符 = em@25,[],[2_3_4],[2_3_4_5_6_7],[1_3_4],[1_6_7]
592,房租 在 400-500 usd / 月,房租 在 400-500 美 刀 / 月,[],[3_4],[3_4_5],[4],[2_5]
593,并且 附近 有 cvs 和 印度 、 韩国 超市 ， 购物 也 方便 。,并且 附近 有 cvs ( 超市名 ) 和 印度 、 韩国 超市 ， 购物 也 方便 。,[cvs],[3],[3_4_5_6],[6_9_13],[4_6_9_12_16]
594,north oakland 属于 学校 附近 相对 安静 和 治安 情况 较 好 的 区域 ， 居住 环境 好 ， 利于 学习 和 生活 。,北 奥克兰 属于 学校 附近 相对 安静 和 治安 情况 较 好 的 区域 ， 居住 环境 好 ， 利于 学习 和 生活 。,[],[0_1],[0_1],[14_18_23],[14_18_23]
596,） 即日 起 available ！,） 即日 起 有效 ！,[],[0_3_4],[0_3_4],[0_4],[0_4]
598,［ 生活 环境 ］ 距 giant eagle ， walnut st 步行 约 五 分钟 ， 周边 有 许多 餐厅 。,［ 生活 环境 ］ 距 大 老鹰 ， 核桃 街 步行 约 五 分钟 ， 周边 有 许多 餐厅 。,[],[0_5_6_7_8_9],[0_5_6_7_8_9],[0_3_7_14_19],[0_3_7_14_19]
599,sherwood 算是 匹兹堡 地区 最好 的 公寓 之一 了 ， 稍微 听说 过 的 同学 应该 都 知道 。,谢尔 伍德 算是 匹兹堡 地区 最好 的 公寓 之一 了 ， 稍微 听说 过 的 同学 应该 都 知道 。,[],[0],[0_1],[9_18],[10_19]
600,有 床 （ queen size ） 和 桌子 椅子 。,有 床 （ 大号 尺寸 的 ） 和 桌子 椅子 。,[],[3_4_5],[3_4_5_6],[2_5_9],[2_6_10]
601,三 层 house ， 带 地下室 。,三 层 独 栋 住宅 ， 带 地下室 。,[],[2_3],[2_3_4_5],[3_6],[5_8]
603,地址 ： chesterfield rd ，,地址 ： 切斯特菲尔德路 ，,[],[2_3_4],[2_3],[1_4],[1_3]
604,并且 bus stop 的 位置 距离 公寓 只 需 四 分钟 的 时间 。,并且 公交 站的 位置 距离 公寓 只 需 四 分钟 的 时间 。,[],[1_2],[1_2],[13],[12]
605,房租 交付 方式 为 check 。,房租 交付 方式 为 支票 。,[],[4_5],[4_5],[5],[5]
606,maintenance request 发出 一 两 天 内 就 会 有 人 来 修 。,维修 申请 发出 一 两 天 内 就 会 有 人 来 修 。,[],[0_1],[0_1],[13],[13]
607,pittsburgh oakland 地区 豪华 房 出租 ：,匹兹堡 奥克兰 地区 豪华 房 出租 ：,[],[0_1],[0_1],[6],[6]
608,房子 是 独立 town house,房子 是 独立 联 排 楼,[],[3_4],[3_4_5]
610,本人 求 one bed room ， college garden .,本人 求 单 卧室 间 ， 学校 花园,[],[2_3_4_5_6_7_8],[2_3_4_5_6_7],[5_8],[5]
611,south oakland ， house 一 个 卧室 出租 。,南 奥克兰 ， 独 栋 住宅 一 个 卧室 出租 。,[],[0_1_2_3],[0_1_2_3_4_5],[2_8],[2_10]
612,house 里 还 有 客厅 ， 厨房 ， 地下室 。,独 栋 住宅 里 还 有 客厅 ， 厨房 ， 地下室 。,[],[0],[0_1_2],[5_7_9],[7_9_11]
613,三 层 楼 house,三 层 楼 独 栋 住宅,[],[3],[3_4_5]
614,周边 ： 生活 便利 ， 附近 有 bar 和 餐厅 ， 还 有 小 超市 。,周边 ： 生活 便利 ， 附近 有 酒吧 和 餐厅 ， 还 有 小 超市 。,[],[7],[7],[1_4_10_15],[1_4_10_15]
615,house 里面 的 人 都 是 不 开 party 的 匹 大学生 。,独 栋 住宅 里面 的 人 都 是 不 开 聚会 的 匹 大学生 。,[],[0_8],[0_1_2_10],[12],[14]
617,公寓 为 south windsor ， 只有 十四 户 。,公寓 为 南 温莎 ， 只有 十四 户 。,[],[2_3_4],[2_3_4],[4_8],[4_8]
622,房东 美国 老头 ， 非常 nice .,房东 美国 老头 ， 非常 好,[],[5_6],[5],[3_6],[3]
623,available from january ， 拎包 入住 ， 一月 房租 免除 ！,从 一月 起 有效 ， 拎包 入住 ， 一月 房租 免除 ！,[],[0_1_2_3],[0_2_3_4],[3_6_10],[4_7_11]
624,walnut street 上面 的 小店 和 bar 也 不错 ；,核桃 街 上面 的 小店 和 酒吧 也 不错 ；,[],[0_1_6],[0_1_6],[9],[9]
625,house 里面 的 一 层 （ 一 室 一 厅 ） ， 带 家具,独 栋 住宅 里面 的 一 层 （ 一 室 一 厅 ） ， 带 家具,[],[0],[0_1_2],[5_10_11],[7_12_13]
626,附近 有 giant eagle 、 target 和 trader joe's 。,附近 有 大 老鹰 、 塔吉特 和 缺德舅 。,[],[2_3_4_5_7_8_9],[2_3_4_5_7_8],[4_9],[4_8]
627,house 在 白人 养老 社区 ， 环境 十分 幽静 ， 治安 很 好 。,独 栋 住宅 在 白人 养老 社区 ， 环境 十分 幽静 ， 治安 很 好 。,[],[0],[0_1_2],[5_9_13],[7_11_15]
628,房子 招租 租 ， 坐落 在 greenfield 。,房子 招租 租 ， 坐落 在 格林菲尔德 。,[],[6_7],[6_7],[3_7],[3_7]
629,二 楼 有 一 个 卫生间 一 楼 还 有 一 个 的 卫生间 ， 为 half bathroom,二 楼 有 一 个 卫生间 一 楼 还 有 一 个 的 卫生间 ， 为 半 浴室,[],[16_17],[16_17],[14],[14]
630,且 靠近 环境 优美 的 frick park 匹 村 美景 随时 享受,且 靠近 环境 优美 的 弗里克 公园 匹 村 美景 随时 享受,[],[5_6],[5_6]
631,楼道 也 每 天 有 management 打扫 ， 维护 ~,楼道 也 每 天 有 物业 打扫 ， 维护 ~,[],[5],[5],[7_9],[7_9]
632,大 卧室 住 的 是 pitt 女生 研究生 ， 安静 好 相处 。,大 卧室 住 的 是 匹兹堡 大学 女生 研究生 ， 安静 好 相处 。,[],[5],[5_6],[8_12],[9_13]
633,apartment 里 有 很多 国人 留学生 ～,公寓 里 有 很多 国人 留学生 ～,[],[0],[0],[6],[6]
634,坐标 highland park ， 公寓 风景 一流 匹 村 最 佳 。,坐标 高地 公园 ， 公寓 风景 一流 匹 村 最 佳 。,[],[1_2_3],[1_2_3],[3_11],[3_11]
635,房租 加上 utility 费用 一共 每 月 $1086 。,房租 加上 水电气 费用 一共 每 月 $1086 。,[],[2],[2],[8],[7_8]
637,卧室 在 house 二 楼 。,卧室 在 独 栋 住宅 二 楼 。,[],[2],[2_3_4],[5],[7]
638,房子 是 村里 公认 的 好 地段 ， 更多 信息 google 可 得 。,房子 是 村里 公认 的 好 地段 ， 更多 信息 谷歌 可 得 。,[],[10],[10],[7_13],[7_13]
640,从 公寓 步行 五 分钟 就 可以 到 大型 超市 giant eagle ， whole foods 。,从 公寓 步行 五 分钟 就 可以 到 大型 超市 大 老鹰 ， 全食 。,[],[10_11_12_13_14_15],[10_11_12_13_14],[12_15],[12_14]
643,餐厅 ： 周围 有 很多 pizza 店,餐厅 ： 周围 有 很多 披萨 店,[],[5],[5],[1],[1]
645,附近 是 little italy 。,附近 是 小 意大利 。,[],[2_3_4],[2_3_4],[4],[4]
646,( prefer 短信 ),( 比较 倾向于 短信 ),[],[0_1],[0_1_2],[0_3],[0_4]
647,联系 方式 ： email ： em@26,联系 方式 ： 电子 邮件 ： em@26,[],[3_4_5],[3_4_5_6],[2_4_5],[2_5_6]
648,view = public 邮箱 ： em@27,可见 = 公共 邮箱 ： em@27,[],[0_1_2],[0_1_2],[1_4_5],[1_4_5]
649,干净 一 居室 的 apartment 出租 ，,干净 一 居室 的 apartment 出租 ，,[apartment],[4],[4],[6],[6]
650,管理 公司 ： walnut capital ， 维修 十分 及时,管理 公司 ： 核桃 资产 ， 维修 十分 及时,[],[3_4_5],[3_4_5],[2_5],[2_5]
653,house 里面 的 一 个 卧室 ， 现在 就 可 入住,独 栋 住宅 里面 的 一 个 卧室 ， 现在 就 可 入住,[],[0],[0_1_2],[6],[8]
654,可 步行 至 匹 大 主 校区 各 个 学院 ， 距离 hillman library 步行 5-10 分钟 。,可 步行 至 匹 大 主 校区 各 个 学院 ， 距离 希尔曼 图书馆 步行 5-10 分钟 。,[],[12_13],[12_13],[10_17],[10_15_17]
655,请 大家 直接 去 联系 mozart 公司 ， 公司 联系 方式 是 pn-14 ， em@28,请 大家 直接 去 联系 莫扎特 公司 ， 公司 联系 方式 是 pn-14 ， em@28,[],[5],[5],[7_12_13_14],[7_12_13_14]
656,我们 都 是 匹 大学生 ， 租房 请 直接 联系 mozart 。,我们 都 是 匹 大学生 ， 租房 请 直接 联系 莫扎特 。,[],[10_11],[10_11],[5_11],[5_11]
657,manager 人 非常 nice 。,经理 人 非常 好 。,[],[0_3_4],[0_3_4],[4],[4]
658,house 里面 的 一 个 卧室,独 栋 住宅 里面 的 一 个 卧室,[],[0],[0_1_2]
659,这个 一 室 一 厅 处于 一 个 三 楼 house 的 一 楼 ， 有 独立 的 卫生间 和 厨房 。,这个 一 室 一 厅 处于 一 个 三 楼 独 栋 住宅 的 一 楼 ， 有 独立 的 卫生间 和 厨房 。,[],[10],[10_11_12],[14_21],[16_23]
660,house 里面 的 一 个 客厅,独 栋 住宅 里面 的 一 个 客厅,[],[0],[0_1_2]
662,此 房间 位于 三 层 楼 的 house 的 二 楼 一 间 ， 一 楼 是 客厅 、 厨房 和 厕所 。,此 房间 位于 三 层 楼 的 独栋 住宅 的 二 楼 一 间 ， 一 楼 是 客厅 、 厨房 和 厕所 。,[],[7],[7_8],[13_18_22],[14_19_23]
663,floor plan 见 ：,平面图 见 ：,[],[0_1],[0],[3],[2]
664,现有 两 女生 ， 都 是 在 读 匹 大 phd ， 很 好 相处 。,现有 两 女生 ， 都 是 在 读 匹 大 博士 ， 很 好 相处 。,[],[10_11],[10_11],[3_11_15],[3_11_15]
665,update 联系 方式 ： em@29,更新 联系 方式 ： em@29,[],[0],[0],[3_4],[3_4]
668,oakland 住 有 一 年 了 ， 经常 凌晨 走路 回家 ， 都 没 问题 的,奥克兰 住 有 一 年 了 ， 经常 凌晨 走路 回家 ， 都 没 问题 的,[],[0],[0],[6_11],[6_11]
669,往返 匹 大 cathedral of learning,往返 匹 大 学 习 大 教堂,[],[3_4_5],[3_4_6]
670,如果 有 兴趣 可以 给 我 email ： em@30,如果 有 兴趣 可以 给 我 电子 邮件 ： em@30,[],[6_7_8],[6_7_8_9],[7_8],[8_9]
671,（ 我 的 这个 房间 是 没有 阳台 的 （ balcony ） ）,（ 我 的 这个 房间 是 没有 阳台 的 （ 阳台 ） ）,[],[0_10_11_12],[0],[0_9_11_12],[0_9_11_12]
674,single house : 房子 宽敞 明亮 !,单独 住宅 : 房子 宽敞 明亮 !,[],[0_1_2],[0_1_2],[2_6],[2_6]
675,新 安装 的 地板 ， 带 家具 ， full size 的 大 床 。,新 安装 的 地板 ， 带 家具 ， 全尺寸 大小 的 大 床 。,[],[8_9],[8_9],[4_7_13],[4_7_13]
676,新 安装 的 地板 ， 带 家具 ， full size 的 大 床 ， 房间 里 有 空调 。,新 安装 的 地板 ， 带 家具 ， 全尺寸 大小 的 大 床 ， 房间 里 有 空调 。,[],[8_9],[8_9],[4_7_13_18],[4_7_13_18]
677,需要 share bathroom 。,需要 共享 浴室 。,[],[1_2_3],[1_2_3],[3],[3]
678,需要 人 现在 pittsburgh 签 房子 。,需要 人 现在 匹兹堡 签 房子 。,[],[3],[3],[6],[6]
679,地址 （ 可以 google map 上 查看 环境 ) :,地址 （ 可以 谷歌 地图 上 查看 环境 ) :,[],[3_4],[3_4],[1_8_9],[1_8_9]
683,厨房 卫生间 ： 可能 与 另 一 个 房间 的 人 share ， 另 一 个 房间 是 女生 ， 匹 大学生 ， 人 很 nice ， 很 爱 干净 。,厨房 卫生间 ： 可能 与 另 一 个 房间 的 人 共享 ， 另 一 个 房间 是 女生 ， 匹 大学生 ， 人 很 好 ， 很 爱 干净 。,[],[11_12_25_26],[11_12_25_26],[2_12_19_22_26_30],[2_12_19_22_26_30]
687,房间 位 于 house 三 层 楼 的 第三 层 。,房间 位 于 独栋 住宅 三 层 楼 的 第三 层 。,[],[3],[3_4],[10],[11]
688,顶 一下 ， 走路 十 分钟 左右 有 cvs 超市,顶 一下 ， 走路 十 分钟 左右 有 cvs ( 超市名 ) 超市,[cvs],[8],[8_9_10_11],[2],[2_9_11]
689,有意 租房 者 请 email 或 微 信 联系 ， 谢谢 ！,有意 租房 者 请 电子 邮件 或 微 信 联系 ， 谢谢 ！,[],[4],[4_5],[9_11],[10_12]
690,有意 租房 者 请 email 或 微 信 联系 。,有意 租房 者 请 电子 邮件 或 微 信 联系 。,[],[4],[4_5],[9],[10]
691,附近 的 初中 jefferson middle school 和 高中 mt .,附近 的 初中 杰弗逊 中学 和 高中 mt .,[mt],[3_4_5_8_9],[3_4_7_8],[9],[8]
693,公寓 在 centre ave 。,公寓 在 中街 。,[],[2_3_4],[2_3],[4],[3]
697,大 院子 和 front porch 。,大 院子 和 前廊 。,[],[3_4_5],[3_4],[5],[4]
702,up up 房子 依然 available,顶顶 房子 依然 有效,[],[0_1_4],[0_3]
703,也 可以 street parking 。,也 可以 路边 停车 。,[],[2_3_4],[2_3_4],[4],[4]
704,去 其他 大型 超市 如 target 等 也 特别 方便 。,去 其他 大型 超市 如 塔吉特 等 也 特别 方便 。,[],[5],[5],[10],[10]
705,去 学校 或者 waterfront 都 非常 方便 。,去 学校 或者 滨 水 都 非常 方便 。,[],[3],[3_4],[7],[8]
709,有意 租房 者 请 email 联系 ， 谢谢 ！,有意 租房 者 请 发电子 邮件 联系 ， 谢谢 ！,[],[4],[4_5],[6_8],[7_9]
711,近 学校 shuttle 站 。,近 学校 摆渡 车站 。,[],[2],[2_3_4],[4],[4]
712,如果 感 兴趣 ， 请 通过 电子 邮件 联系 em@11,有意 租房 者 请 发电子 邮件 或 微 信 联系 ， 谢谢 ！,[],[],[0_1_2_4_6_7_8_11_12],[3_9],[10_12]
713,有 车库 ， drive way 也 可以 停车,有 车库 ， 车道 也 可以 停车,[],[3_4],[3],[2],[2]
714,离 waterfront 特别 近 ， 生活 方便,离 滨 水 特别 近 ， 生活 方便,[],[1],[1_2],[4],[5]
717,卧室 内 一 个 closet ， 客厅 另 有 一 个 closet 。,卧室 内 一 个 衣橱 ， 客厅 另 有 一 个 壁橱 。,[],[4_5_11_12],[4_5_11_12],[5_12],[5_12]
718,房租 每 月 $650 左右 ， 包 heat 和 gas ， 冬天 取暖 heat 是 大头 ， 这 省 了 很 大 一 笔 开支 。,房租 每 月 $650 左右 ， 包 供暖 和气 ， 冬天 取暖 供暖 是 大头 ， 这 省 了 很 大 一 笔 开支 。,[],[7_9_10_13],[7_8_9_12],[5_10_16_25],[3_5_9_15_24]
719,因为 是 学校 的 房产 ， 住户 基本 均 为 匹 大 的 faculty 和 学生 ， 很 安全 而且 维修 管理 服务 便利 。,因为 是 学校 的 房产 ， 住户 基本 均 为 匹 大 的 员工 和 学生 ， 很 安全 而且 维修 管理 服务 便利 。,[],[13],[13],[5_16_24],[5_16_24]
720,我们 实验室 有 个 博 后 ， 由于 他 的 老婆 和 女儿 过来 了 ， 故 需 换 一 个 大 点 的 apartment ， 所以 想 让 人 take over 他 目前 的 apartment 。,我们 实验室 有 个 博 后 ， 由于 他 的 老婆 和 女儿 过来 了 ， 故 需 换 一 个 大 点 的 公寓 ， 所以 想 让 人 接管 他 目前 的 公寓 。,[],[24_25_30_31_35_36],[24_25_30_34_35],[6_15_25_36],[6_15_25_35]
721,sato ） 的 邮箱 : em@31,sato ） 的 邮箱 : em@31,[sato],[0_1],[0_1],[1_4_5],[1_4_5]
723,single house : 全新 装修 ！,单独 住宅 : 全新 装修 ！,[],[0_1_2],[0_1_2],[2_5],[2_5]
724,utility : 全 包 如上,水电气 : 全 包 如上,[],[0_1],[0_1],[1],[1]
725,cell : pn-15 或者 请 告诉 我 你 的 联系 方式 ， 我 会 尽快 与 你 联系,电话 : pn-15 或者 请 告诉 我 你 的 联系 方式 ， 我 会 尽快 与 你 联系,[],[0_1_2],[0_1_2],[1_2_11],[1_2_11]
726,lease 可以 从 八月 一日 起 一 年,合同 可以 从 八月 一日 起 一 年,[],[0],[0]
727,有意 租房 者 请 email 联系,如果 感 兴趣 ， 请 通过 电子 邮件 联系 em@11,[],[4],[0_1_2_3_5_6_7],,[3_9]
728,oakland 有余 房 出租 。,奥克兰 有余 房 出租 。,[],[0],[0],[4],[4]
733,oakland 有 多 房 出租 。,奥克兰 有 多 房 出租 。,[],[0],[0],[5],[5]
734,公寓 may flower 是 匹 大学 校 的 房子 ， 主要 是 提供 给 研究生 的 ， 价钱 比 商业 公寓 便宜 。,公寓 五月花 是 匹 大学 校 的 房子 ， 主要 是 提供 给 研究生 的 ， 价钱 比 商业 公寓 便宜 。,[],[1_2],[1],[9_16_22],[8_15_21]
735,匹 大 房产 college gardens 两 室 两 卫 的 apartment 。,匹 大 房产 学校 花园 两 室 两 卫 的 公寓 。,[],[3_4_10_11],[3_4_10_11],[11],[11]
736,联系 电话 ： 412-6518342 jane,联系 电话 ： 412-6518342 jane,[jane],[4],[4],[2],[2_3]
737,town house ， 四 卧室 。,联排楼 ， 四 卧室 。,[],[0_1_2],[0_1],[2_5],[1_4]
740,房租 每 月 $2500 ， 房租 不 包括 utilities （ 水 / 电 / 气 ） 。,房租 每 月 $2500 ， 房租 不 包括 水电气 （ 水 / 电 / 气 ） 。,[],[8_9],[8_9],[4_9_11_13_15_16],[3_4_9_11_13_15_16]
742,房租 $600 / 月 ， all utility included （ i.,房租 $600 / 月 ， 包括 所有 水电气 费用 （ i .,[i],[5_6_7_8_9],[5_6_7_8_9_10_11],[2_4_8],[1_2_4_9_11]
743,如 有 兴趣 请 电子 邮件 ： em@32,如 有 兴趣 请 电子 邮件 ： em@32,[],[],[],[6_7],[6_7]
744,地址 ： 松 鼠 山 bartlett st ， giant eagle 后面 。,地址 ： 松 鼠 山巴洛特街 ， 大 老鹰 后面 。,[],[5_6_7_8_9],[4_5_6_7],[1_7_11],[1_5_9]
745,联系 方式 ： call : 412-901-7283e-mail : em@33,联系 方式 ： 电话 : pn-16 电子 邮箱 l : em@33,[l],[3_4_5_6_7],[3_4_5_6_7_8_9_10],[2_4_6_7],[2_4_5_9_10]
746,manager 联系 方式 ：,经理 联系 方式 ：,[],[0],[0],[3],[3]
748,去 超市 也 很 方便 ， giant eagle ， target ， trader joe ' s 均 公交 直达 。,去 超市 也 很 方便 ， 大老鹰 ， 塔吉特 ， 缺德 舅 均 公交 直达 。,[],[6_7_8_9_10_11_12_13_14],[6_7_8_9_10_11],[5_8_10_13_18],[5_7_9_15]
749,请 联系 我 ： jenny em@34,请 联系 我 ： jenny em@34,[jenny],[4_5],[4_5],[3_5],[3_5]
750,房东 人 很 nice 。,房东 人 很 好 。,[],[3_4],[3_4],[4],[4]
751,步行 到 匹 大 课室 、 图书馆 和 cafeteria 都 只 需 几 分钟 。,步行 到 匹 大 课室 、 图书馆 和 自助 餐厅 都 只 需 几 分钟 。,[],[8],[8_9],[5_14],[5_15]
752,去 centre ave 上 的 giant eagle 也 只 需要 十 分钟 左右 。,去 中街 上 的 大 老鹰 也 只 需要 十 分钟 左右 。,[],[1_2_5_6],[1_4_5],[13],[12]
753,本人 来自 沈阳 ， 在 public health school 。,本人 来自 沈阳 ， 在 公立 健康 学校 。,[],[5_6_7_8],[5_6_7_8],[3_8],[3_8]
754,十 分钟 步行 至 walnut st,十 分钟 步行 至 核桃 街,[],[4_5],[4_5]
757,具体 email 沟通 em@35,具体 电子 邮件 沟通 em@35,[],[1],[1_2],[3],[4]
758,apartment 周边 环境 安静 ， 治安 也 比较 好 。,公寓 周边 环境 安静 ， 治安 也 比较 好 。,[],[0],[0],[4_9],[4_9]
759,这个 studio 在 三 楼 ， 也 不 面向 大 马路 ， 不 吵 ， 很 安静 。,这个 工作室 在 三 楼 ， 也 不 面向 大 马路 ， 不 吵 ， 很 安静 。,[],[1],[1],[5_11_14_17],[5_11_14_17]
760,独立 卫生间 ， 独立 大 衣帽间 ， 基本 可以 算是 一 个 没有 厨房 的 studio 。,独立 卫生间 ， 独立 大 衣帽间 ， 基本 可以 算是 一 个 没有 厨房 的 工作室 。,[],[15_16],[15_16],[2_6_16],[2_6_16]
761,联系 方式 ： email : em@36,联系 方式 ： 电子 邮件 : em@36,[],[3_4_5],[3_4_5_6],[2_4_5],[2_5_6]
762,chesterfield road 出租 卧室 二 间 $330 / 月,切斯特菲尔德路 出租 卧室 二 间 $330 / 月,[],[0_1],[0],[7],[5_6]
763,免费 室外 停车 ， 收费 室内 garage,免费 室外 停车 ， 收费 室内 车库,[],[6],[6],[3],[3]
764,house 远离 主要 干道 ， 夜间 安静 保证 睡眠 质量 高 。,独 栋 住宅 远离 主要 干道 ， 夜间 安静 保证 睡眠 质量 高 。,[],[0],[0_1_2],[4_11],[6_13]
765,公寓 位于 五 楼 ， 采光 良好 ， 公寓 空间 很 大 ， 有 独立 的 卫生间 更衣 间 ， 和 完全 分离 的 厨房 ( 很多 studio 都 是 开放 厨房 ) .,公寓 位于 五 楼 ， 采光 良好 ， 公寓 空间 很 大 ， 有 独立 的 卫生间 更衣 间 ， 和 完全 分离 的 厨房 ( 很多 工作室 都 是 开放 厨房 ) .,[],[27],[27],[4_7_12_19_25_32_33],[4_7_12_19_25_32_33]
766,电话 ： pn-17 ， email em@12,电话 ： pn-17 ， 电子 邮件 em@12,[],[4_5],[4_5_6],[1_2_3_5],[1_2_3_6]
769,公寓 里 自 配 独立 卫生间 ， closet ， 厨房 ， 非常 方便 ~,公寓 里 自 配 独立 卫生间 ， 衣橱 ， 厨房 ， 非常 方便 ~,[],[7_8],[7_8],[6_8_10_13],[6_8_10_13]
770,本人 因为 毕业 要 搬到 其它 地方 ， 所以 只 能 忍痛 割爱 了 ， 现 出租 超级 大 而且 独立 的 living room ！,本人 因为 毕业 要 搬到 其它 地方 ， 所以 只 能 忍痛 割爱 了 ， 现 出租 超级 大 而且 独立 的 客厅 ！,[],[22_23_24],[22_23],[7_14_24],[7_14_23]
771,conditions : 三 层 house 里面 最 大 的 一 间 卧室 。,情况 : 三 层 独 栋 住宅 里面 最 大 的 一 间 卧室 。,[],[0_1_4],[0_1_4_5_6],[1_12],[1_14]
772,二 层 是 三 个 卧室 和 一 间 bathroom 。,二 层 是 三 个 卧室 和 一 间 浴室 。,[],[9_10],[9_10],[10],[10]
773,两 位 非常 nice 的 男生 ， 分别 为 pitt 和 duquesne 研究生 。,两 位 非常 好 的 男生 ， 分别 为 匹兹堡 大学 和 杜肯 大学 研究生 。,[],[3_9_11],[3_9_10_12_13],[6_13],[6_15]
774,别 说 自己 没 天赋 ， have fun 不 需要 天赋 !,别 说 自己 没 天赋 ， 娱乐 不 需要 天赋 !,[],[6_7],[6],[5_11],[5_10]
779,购物 轻松 ， 从 公寓 步行 五 分钟 大 超市 giant eagle ， whole foods 。,购物 轻松 ， 从 公寓 步行 五 分钟 大 超市 大 老鹰 ， 全食 。,[],[10_11_12_13_14_15],[11_12_13_14],[2_12_15],[2_12_14]
780,提供 免费 的 street parking 和 便宜 的 室内 车库 。,提供 免费 的 路边 停车 和 便宜 的 室内 车库 。,[],[3_4],[3_4],[10],[10]
783,college garden 公寓 属于 pitt 学校 资产 并由 学校 负责 管理 与 维护 。,学校 花园 公寓 属于 匹兹堡 大学 学校 资产 并由 学校 负责 管理 与 维护 。,[],[0_1_4],[1_4_5],[13],[14]
784,现有 独立 的 一 间 bedroom 出租 ， 在 mayflower 公寓 ， 属于 匹 大 的 房子 ， 在 north oakland 。,现有 独立 的 一 间 卧室 出租 ， 在 五月花 公寓 ， 属于 匹 大 的 房子 ， 在 北 奥克兰 。,[],[5_9_19_20_21],[5_9_19_20_21],[7_11_17_21],[7_11_17_21]
785,每 月 租金 $450 ， 包括 所有 utility （ 水 ， 电 ， 气 ， 暖气 ） 和 网络 。,每 月 租金 $450 ， 包括 所有 水电气 （ 水 ， 电 ， 气 ， 暖气 ） 和 网络 。,[],[7_8],[7_8],[4_8_10_12_14_16_19],[3_4_8_10_12_14_16_19]
786,房子 距离 pitt 各 大 学院 都 非常 近 。,房子 距离 匹兹堡 大学 各 大 学院 都 非常 近 。,[],[2],[2_3],[9],[10]
787,female only ， 有意 请 联系 我 。,仅限 女生 ， 有意 请 联系 我 。,[],[0_1_2],[0_1_2],[2_7],[2_7]
788,phone : pn-18 请 短信 ( prefer ),电话 : pn-18 请 短信 ( 更加 倾向 ),[],[0_1_2_6_7],[0_1_2_6_7_8],[1_2_5_7],[1_2_5_8]
789,首先 是 容易 找到 month to month 的 一 月 付 房租 。,首先 是 容易 找到 月 到 月 的 一 月 付 房租 。,[],[4_5_6],[5],[12],[12]
790,访 学 的 同学 没 听说 谁 不 签 一 年 lease 就 找 不 到 房子 住 马路 的 。,访 学 的 同学 没 听说 谁 不 签 一 年 合同 就 找 不 到 房子 住 马路 的 。,[],[11],[11],[20],[20]
791,家具 齐全 ， queen size 席梦思 大 床 ， 提包 入住 。,家具 齐全 ， 大号 尺寸 的 席梦思 大 床 ， 提包 入住 。,[],[3_4],[3_4_5],[2_8_11],[2_9_12]
792,另 所 有 utility 全 包 。,另 所 有 水电气 全 包 。,[],[3],[3],[6],[6]
793,另 据 walnut street 几 分钟 步行 距离 ， 吃喝 方便 。,另 据 核桃 街 几 分钟 步行 距离 ， 吃喝 方便 。,[],[2_3],[2_3],[8_11],[8_11]
794,要求 ： 附近 好 停车 ， house 和 apartment 都 可以 ， 月 总 费用 在 $600 以下 。,要求 ： 附近 好 停车 ， 独 栋 住宅 和 公寓 都 可以 ， 月 总 费用 在 $600 以下 。,[],[6_8],[6_7_8_10],[1_5_11_18],[1_5_13_18_20]
795,公寓 内 有 gym ， recreational room ， 夏天 有 游泳池,公寓 内 有 体育馆 ， 娱乐室 ， 夏天 有 游泳池,[],[3_4_5_6_7],[3_4_5_6],[4_7],[4_6]
796,相当于 免 了 半 个 月 的 房租 ~ 包 水 和 trash ， 免费 停车,相当于 免 了 半 个 月 的 房租 ~ 包 水 和 垃圾 ， 免费 停车,[],[12_13],[12_13],[8_13],[8_13]
797,同时 也 靠近 fifth ave ， 交通 十分 方便 。,同时 也 靠近 五 街 ， 交通 十分 方便 。,[],[3_4_5],[3_4_5],[5_9],[5_9]
798,非常 方便 ， center 上 就 有 个 giant eagle .,非常 方便 ， 中心 上 就 有 个 大 老鹰 .,[],[3_8_9_10],[3_8_9_10],[2_10],[2_10]
800,非常 适合 读 summer 但 没有 宿舍 住 的 匹 大学生 和 初 到 匹兹堡 的 任何 学者 ！,非常 适合 读 暑 校 但 没有 宿舍 住 的 匹 大学生 和 初 到 匹兹堡 的 任何 学者 ！,[],[3],[3_4],[18],[19]
802,之后 可以 和 公司 再 签 下 一 年 的 lease 。,之后 可以 和 公司 再 签 下 一 年 的 合同 。,[],[10_11],[10_11],[11],[11]
803,详情 ： 独立 厨房 ， 室内 居住 面积 非常 大 ， 大 closet 两 个 。,详情 ： 独立 厨房 ， 室内 居住 面积 非常 大 ， 大 衣橱 两 个 。,[],[12],[12],[1_4_10_15],[1_4_10_15]
804,家具 柜子 ， 书桌 ， 饭桌 ， 椅子 ， 台灯 ， queen size bed ， 配置 齐全 ， 拎包 入住 。,家具 柜子 ， 书桌 ， 饭桌 ， 椅子 ， 台灯 ， 大号 尺寸 的 床 ， 配置 齐全 ， 拎包 入住 。,[],[11_12_13_14],[11_12_13_14_15],[2_4_6_8_10_14_17_20],[2_4_6_8_10_15_18_21]
806,地点 ： atwood street,地点 ： 艾特 伍德 街,[],[2_3],[2_3_4],[1],[1]
807,如 有 兴趣 ， 请 email : em@37,如 有 兴趣 ， 请 发电子 邮件 : em@37,[],[5_6_7],[5_6_7_8],[3_6_7],[3_7_8]
809,有意 的 同学 请 email 联系 我 。,如 有 兴趣 ， 请 发电子 邮件 : em@37,[],[4],[0_1_2_3_5_6_7_8],[7],[3_7_8]
810,up up up up 来自 : 微 社区,顶顶 顶顶 来自 : 微 社区,[],[0_1_2_3],[0_1],[5],[3]
812,现在 出租 该 house 三 层 的 三 件 卧室 中 的 一 间 。,现在 出租 该 独 栋 住宅 三 层 的 三 件 卧室 中 的 一 间 。,[],[3],[3_4_5],[14],[16]
813,房间 有 一 个 queen size 的 床 还 有 一 个 写字 桌 。,房间 有 一 个 大号 尺寸 的 的 床 还 有 一 个 写字 桌 。,[],[4_5],[4_5],[14],[15]
814,apartment 是 一 个 house 的 第二 层 ， 一共 有 三 层,公寓 是 一 个 独 栋 住宅 的 第二 层 ， 一共 有 三 层,[],[0_4],[0_4_5_6],[8],[10]
815,距离 audi 和 giant eagle 十 分钟 左右 。,距离 奥迪 和 大 老鹰 十 分钟 左右 。,[],[1_3_4],[1_3_4],[8],[8]
816,地点 最 好 靠近 bayard st 和 n craig st 交接 的 地方 ， 就是 走路 五 分钟 就 到 的 那 种 。,地点 最 好 靠近 拜 亚迪街 和 北克列戈街 交接 的 地方 ， 就是 走路 五 分钟 就 到 的 那 种 。,[],[4_5_7_8_9],[4_5_7],[13_23],[11_21]
817,出租 匹 大 校外 学生 公寓 （ 隶属 匹兹堡 大学 ） 联系 电话 ： pn-19 【 summary 】 出租 隶属 匹兹堡 大学 off-campus 公寓 客厅 。,出租 匹 大 校外 学生 公寓 （ 隶属 匹兹堡 大学 ） 联系 电话 ： pn-19 【 摘要 】 出租 隶属 匹兹堡 大学 校外 公寓 客厅 。,[],[16_17],[16_17],[6_10_13_14_15_17_25],[6_10_13_14_15_17_25]
818,卧室 面积 足够 放下 full/queen 床 和 书桌 ， 卧室 内 有 一 个 closet ， 走道 有 一 个 walk-in closet 。,卧室 面积 足够 放下 全尺寸 偏大 的 床 和 书桌 ， 卧室 内 有 一 个 衣橱 ， 走道 有 一 个 进门 的 壁橱 。,[],[14_15_21_22],[4_5_6_16_17_22_23_24_25],[8_15_22],[10_17_25]
820,已 添加 房间 照片 ， still available .,已 添加 房间 照片 ， 依旧 有效 .,[],[5_6_7],[5_6_7],[4_7],[4_7]
822,天天 去 giant eagle 不 是 梦 ！,天天 去 大 老鹰 不 是 梦 ！,[],[2_3],[2_3],[7],[7]
823,周边 ： 附近 有 dollar general ， giant eagle market district 。,周边 ： 附近 有 达乐 公司 ， 大 老鹰 超 市区 。,[],[4_5_6_7_8_9_10_11],[4_5_6_7_8_9_10_11],[1_6_11],[1_6_11]
824,更新 ： 房租 调整 为 大 卧室 $440 / 月 ， 小 卧室 $360 / 月 ， utility 全 包 。,更新 ： 房租 调整 为 大 卧室 $440 / 月 ， 小 卧室 $360 / 月 ， 水电气 全 包 。,[],[17],[17],[1_8_10_14_16_20],[1_7_8_10_13_14_16_20]
825,停车 有 很 大 的 garage 。,停车 有 很 大 的 车库 。,[],[5_6],[5_6],[6],[6]
826,小区 全部 是 meyer's management 管理 ， 安全 省心 ， 维修 即时 。,小区 全部 是 迈耶斯 物业 管理 ， 安全 省心 ， 维修 即时 。,[],[4],[3_4],[6_9_12],[6_9_12]
827,垃圾 有 人 每天 清理 ， 相 比较 住 house 简直 省 时 省力 。,垃圾 有 人 每天 清理 ， 相 比较 住 独 栋 住宅 简直 省 时 省力 。,[],[9],[9_10_11],[5_14],[5_16]
828,无需 security deposit 。,无需 保证金 。,[],[1_2_3],[1_2],[3],[2]
829,这 是 一 个 两 室 一 卫生间 一 客厅 一 个 厨房 的 apartment 。,这 是 一 个 两 室 一 卫生间 一 客厅 一 个 厨房 的 公寓 。,[],[14_15],[14_15],[15],[15]
830,important ] 咨询,重要 ] 咨询,[],[0_1],[0_1],[1],[1]
831,我 这 件 卧室 大小 是 大概 可以 放下 两 张 king size 的 床 。,我 这 件 卧室 大小 是 大概 可以 放下 两 张 超大 号 的 床 。,[],[11_12],[11_12],[15],[15]
832,好 房子 ， 交通 便利 ， 代 房东 发布 此 消息 ， 房东 非常 nice,好 房子 ， 交通 便利 ， 代 房东 发布 此 消息 ， 房东 非常好,[],[14],[13],[2_5_11],[2_5_11]
833,或者 email ： stella .,或者 电子 邮件 ： stella .,[stella],[1_2_3_4],[1_2_3_4_5],[2_4],[3_5]
834,离 匹 大 ， cum 都 很 近 ， 交通 便利 。,离 匹 大 ， 卡耐基 梅隆 都 很 近 ， 交通 便利 。,[],[4],[4_5],[3_8_11],[3_9_12]
835,house 共 有 四 个 房间 ， 二 楼 和 三 楼 各 两 个 房间 ， 每 层 有 一 个 卫生间 。,独 栋 住宅 共 有 四 个 房间 ， 二 楼 和 三 楼 各 两 个 房间 ， 每 层 有 一 个 卫生间 。,[],[0],[0_1_2],[6_16_23],[8_18_25]
836,购物 ： 步行 一 个 block 有 cvs ， 买 日常 用品 非常 方便 。,购物 ： 步行 一 个 街区 有 cvs （ 超市名 ） ， 买 日常 用品 非常 方便 。,[cvs],[5_7_8],[5_7_8_9_10_11],[1_8_14],[1_8_10_11_17]
837,squirrel hill 松鼠 山 好 房 出租 ！,松鼠山 松鼠 山 好 房 出租 ！,[],[0_1],[0],[7],[6]
839,如 有 兴趣 请 email : em@32,如 有 兴趣 请 发电子 邮件 至 : em@32,[],[4_5_6],[4_5_6_7_8],[5_6],[7_8]
840,匹兹堡 apartment 卧室 招租 - 限 女生,匹兹堡 公寓 卧室 招租 - 限 女生,[],[1],[1],[4],[4]
844,非 地毯 hard floor 。,非 地毯 地板 。,[],[2_3_4],[2_3],[4],[3]
845,宜家 full size 床,宜家 全尺寸 大小 床,[],[1_2],[1_2]
846,所 属 物业 ： walnut capital （ 匹兹堡 特别 好 的 物业 ）,所 属 物业 ： 核桃 资产 （ 匹兹堡 特别 好 的 物业 ）,[],[4_5_6],[4_5_6],[3_6_12],[3_6_12]
847,人 非常 nice,人 非常 好,[],[2],[2]
848,也 有 校园 shuttle 停 靠 站 。,也 有 校园 摆渡 车 停 靠 站 。,[],[3],[3_4],[7],[8]
849,house 中 的 一 个 最大 房间 ， 租金 为 ： 399$ / 月 。,独 栋 住宅 中 的 一 个 最大 房间 ， 租金 为 ： 399$ / 月 。,[],[0],[0_1_2],[7_10_12_14],[9_12_13_14_16]
850,房东 待人 和善 ， 房东 联系 email ： em@38,房东 待人 和善 ， 房东 联系 电子 邮箱 ： em@38,[],[6_7_8],[6_7_8_9],[3_7_8],[3_8_9]
851,平时 非常 安静 ， 也 很 少 有 人 干扰 ， 基本 没 人 会 在 这里 开 party 什么 的 ， 非常 适合 学习 。,平时 非常 安静 ， 也 很 少 有 人 干扰 ， 基本 没 人 会 在 这里 开 聚会 什么 的 ， 非常 适合 学习 。,[],[18],[18],[3_10_21_25],[3_10_21_25]
852,社区 ： squirrel hill ， 3-9 分钟 步行 可 达 bus stop,社区 ： 松鼠山 ， 3 - 9 分钟 步行 可 达 公交 站,[],[2_3_4_5_10_11],[2_3_4_5_6_11_12],[1_4],[1_3_5]
853,您 想 找 有 免费 street parking 的 公寓 吗 ？,您 想 找 有 免费 路边 停车 的 公寓 吗 ？,[],[5_6],[5_6],[10],[10]
854,college gardens 公寓 属于 pitt 学校 资产 并由 学校 负责 管理 与 维护 。,学校 花园 公寓 属于 匹兹堡 大学 学校 资产 并由 学校 负责 管理 与 维护 。,[],[0_1_4],[1_4_5],[13],[14]
855,附近 有 cvs 和 印度 超市 ， 购物 方便 ， 也 有 很多 中国 ， 印度 餐馆 。,附近 有 cvs ( 超市名 ） 和 印度 超市 ， 购物 方便 ， 也 有 很多 中国 ， 印度 餐馆 。,[cvs],[2],[2_3_4_5],[6_9_14_17],[3_5_9_12_17_20]
858,房子 是 一 个 两 层 楼 大 house 。,房子 是 一 个 两 层 楼 大独栋 住宅 。,[],[8_9],[7_8_9],[9],[9]
859,二 楼 是 两 个 bedrooms 。,二 楼 是 两 个 卧室 。,[],[5_6],[5_6],[6],[6]
860,每 个 bedroom 里 还 有 两 层 ， 是 个 loft 的 感觉 ， 很 大 。,每个 卧室 里 还 有 两 层 ， 是 个 复式 楼 的 感觉 ， 很 大 。,[],[2_11],[0_1_10_11],[8_14_17],[7_14_17]
861,含 一 个 outdoor parking 固定 车位 ， 不 需要 抢 。,含 一 个 室外 停车 固定 车位 ， 不 需要 抢 。,[],[3_4],[3_4],[7_11],[7_11]
862,公寓 情况 ： 超大 一 室 一 厅 ， 位 于 bayard road ， 属于 著名 的 meyers 公司 。,公寓 情况 ： 超大 一 室 一 厅 ， 位 于 贝叶德街 ， 属于 著名 的 迈耶斯 公司 。,[],[11_12_13_17],[11_12_16],[2_8_13_19],[2_8_12_18]
863,交通 便捷 ， 去 中国 超市 ， whole foods market ， target ， downtown 等 均 可 直达 。,交通 便捷 ， 去 中国 超市 ， 全食 超市 ， 塔吉特 ， 市区 等 均 可 直达 。,[],[7_8_9_10_11_12_13],[7_10_11_12],[2_6_10_12_18],[2_6_9_11_17]
864,两 个 walk-in closet 非常 宽敞 。,两 个 进门 壁橱 非常 宽敞 。,[],[3],[2_3],[6],[6]
865,学校 escort 可 直达 。,学校 护送 车 可 直达 。,[],[1],[1_2],[4],[5]
866,周边 环境 ： 对面 是 女子 大学 （ chatham university ） 安静 和 安全 。,周边 环境 ： 对面 是 女子 大学 （ 查塔姆 大学 ） 安静 和 安全 。,[],[8_9_10],[8],[2_7_10_14],[2_7_10_14]
867,人 也 很 nice 的 ！,人 也 很 好 的 ！,[],[3],[3],[5],[5]
868,if （ 学校 escort ）,如果 （ 学校 护送 车 ）,[],[0_1_3_4],[0_1_3_4_5],[1_4],[1_5]
869,if （ 学校 shuttle ）,如果 （ 学校 护送 车 ）,[],[0_1_3_4],[0_1_3_4_5],[1_4],[1_5]
870,去 giant eagle,去 大 老鹰,[],[1_2],[1_2]
871,阳台 （ 面向 shady ）,阳台 （ 面向 沙迪 ）,[],[3_4],[3_4],[1_4],[1_4]
873,停车 ： 有 免费 的 off-street parking,停车 ： 有 免费 的 露天 停车,[],[6],[5],[1],[1]
874,联系 时 请 说明 你 的 名字 ， 性别 ， 在 这里 的 身份 （ 例如 master ， phd ， 访问 学者 等 ）,联系 时 请 说明 你 的 名字 ， 性别 ， 在 这里 的 身份 （ 例如 硕士 ， 博士 ， 访问 学者 等 ）,[],[16_17_18_19],[16_17_18_19],[7_9_14_17_19_23],[7_9_14_17_19_23]
875,由于 本人 下 学期 要 study abroad ， 现在 需要 将 apartment 从 12 .,由于 本人 下 学期 要 出国 学习 ， 现在 需要 将 公寓 从 12 .,[],[5_6_7_11],[5_6_7_11_13_14],[7_14],[7_14]
876,没有 单独 的 laundry 。,没有 单独 的 洗衣机 。,[],[3_4],[3_4],[4],[4]
877,要 去 tower 洗 衣服,要 去 塔 洗 衣服,[],[2],[2]
878,一 个 studio （ 独立 卫生间 ， 一 个 大厅 包括 厨房 ） 。,一 个 工作室 （ 独立 卫生间 ， 一 个 大厅 包括 厨房 ） 。,[],[2_3],[2_3],[3_6_12_13],[3_6_12_13]
879,这个 apt 非常 好 ， 可能 整个 匹兹堡 都 找 不 到 这么 便宜 的 apt 了 。,这个 公寓 非常 好 ， 可能 整个 匹兹堡 都 找 不 到 这么 便宜 的 公寓 了 。,[],[1_15],[1_15],[4_17],[4_17]
880,不 含 utility 。,不含 水电气 。,[],[2_3],[0_1_2],[3],[2]
881,craig 两 室 一 厅 中 一 室 招租 。,克列戈 两 室 一 厅 中 一 室 招租 。,[],[0],[0],[9],[9]
882,出门 一 分钟 到 centre 和 craig 路口 。,出门 一 分钟 到 中间 和 克列戈 路口 。,[],[4_6],[4_6],[8],[8]
883,所有 家具 齐全 （ queen size 床 + 书桌 + 转椅 + 衣柜 + 书柜 ） 只 需 提包 入住 。,所有 家具 齐全 （ 大号 尺寸 的 床 + 书桌 + 转椅 + 衣柜 + 书柜 ） 只 需 提包 入住 。,[],[4_5],[4_5_6],[3_7_9_11_13_15_20],[3_8_10_12_14_16_21]
885,刚 装修 过 的 新房 ， 有 back yard ， deck 等,刚 装修 过 的 新房 ， 有 后 花园 ， 露台 等,[],[7_8_9_10],[7_8_9_10],[5_9],[5_9]
886,停车 ： 有 停车场 ， 但是 需要 交 fee 。,停车 ： 有 停车场 ， 但是 需要 交 费用 。,[],[8_9],[8_9],[1_4_9],[1_4_9]
887,欢迎 email 或者 电话 咨询 信息 照片,欢迎 电子 邮件 或者 电话 咨询 信息 照片,[],[1],[1_2]
888,html 租金 为 750+electricity,超 文字 标记 语言 租金 为 750+ 电费,[],[0],[0_1_2_3_7],,[6]
889,松鼠 山 有 很多 restaurant ， 吃饭 不 发愁 。,松鼠 山 有 很多 餐厅 ， 吃饭 不 发愁 。,[],[4_5],[4_5],[5_9],[5_9]
890,距离 giant eagle 只 有 一 个 block ， 购物 方便 。,距离 大老鹰 只 有 一 个 街区 ， 购物 方便 。,[],[1_2_7_8],[1_6_7],[8_11],[7_10]
891,一 室 一 厅 ， 客厅 招租 ， 并且 有 dining room 。,一 室 一 厅 ， 客厅 招租 ， 并且 有 餐厅 。,[],[10_11_12],[10_11],[4_7_12],[4_7_11]
892,客厅 面积 很 大 ， 很 明亮 ， 有 自己 的 closet ( 详见 floor plan ),客厅 面积 很 大 ， 很 明亮 ， 有 自己 的 衣橱 ( 详见 平面图 ),[],[11_12_14_15_16],[11_12_14_15],[4_7_12_16],[4_7_12_15]
893,（ 可 google 查看 地理 位置 ）,（ 可 谷歌 查看 地理 位置 ）,[],[0_2],[0_2],[0_6],[0_6]
894,位置 在 murray 和 forward 交叉 路口 附近 ， 方便 上下 374 .,位置 在 默里 和 费 伍德 交叉 路口 附近 ， 方便 上下 374 .,[],[2_4],[2_4_5_12_13],[8_12],[9_13]
895,有 free street parking .,有 免费 路边 停车,[],[1_2_3_4],[1_2_3],[4]
896,现在 有 位于 bartlett st 的 安静 公寓 中 一 间 卧室 出租 ， 出门 过 马路 即 可 到 giant eagle ， 买 东西 很 方便 。,现在 有 位于 巴雷特街 的 安静 公寓 中 一 间 卧室 出租 ， 出门 过 马路 即 可 到 大老鹰 ， 买 东西 很 方便 。,[],[3_4_20_21_22],[3_19_20],[13_22_27],[12_20_25]
897,center tower 一 室 一 厅 招租 。,中央 塔 一 室 一 厅 招租 。,[],[0_1],[0_1],[7],[7]
898,lease 到 2016 .,合同 到 2016 .,[],[0],[0_2_3],[3],[3]
899,现有 两 匹 大 master ， 一 男生 一 女生 ， 很 好 相处 。,现有 两 匹 大 硕士 ， 一 男生 一 女生 ， 很 好 相处 。,[],[4_5],[4_5],[5_10_14],[5_10_14]
900,的 studio ， 环境 安静 。,的 工作室 ， 环境 安静 。,[],[1_2],[1_2],[2_5],[2_5]
901,邮箱 jib em@39,邮箱 jib em@39,[jib],[1_2],[1_2],[2],[2]
902,floor plan ( 我 用 模拟 人生 搞 的 = = 就 看 个 结构 吧 实际 颜色 不 是 这样 的 ) 房东 给 我 拍 了 一 段 房子 现在 的 样子 的 视频 可以 发 邮件 问 我 要 ：,平面图 ( 我 用 模拟 人生 搞 的 = = 就 看 个 结构 吧 实际 颜色 不 是 这样 的 ) 房东 给 我 拍 了 一 段 房子 现在 的 样子 的 视频 可以 发 邮件 问 我 要 ：,[],[0_1_2],[0_1],[2_9_10_22_42],[1_8_9_21_41]
903,floor plan ( 我 用 模拟 人生 搞 的 = = 就 看 个 结构 吧 实际 颜色 不 是 这样 的 ) ：,平面图 ( 我 用 模拟 人生 搞 的 = = 就 看 个 结构 吧 实际 颜色 不 是 这样 的 ) ：,[],[0_1_2],[0_1],[2_9_10_22_23],[1_8_9_21_22]
905,联系 方式 ： call : pn-20 e-mail : em@40,联系 方式 ： 电话 : pn-20 电子 邮箱 : em@40,[],[3_4_5_6_7_8],[3_4_5_6_7_8_9],[2_4_5_7_8],[2_4_5_8_9]
906,本人 匹 大 研究生 毕业 ， 在 学校 的 实验室 做 opt ， 男 ， 无 不良 嗜好 。,本人 匹 大 研究生 毕业 ， 在 学校 的 实验室 做 opt ， 男 ， 无 不良 嗜好 。,[opt],[11_12],[11_12],[5_12_14_18],[5_12_14_18]
907,有 permit ， 没有 车 ， 但是 想 近期 考 驾照 。,有 许可证 ， 没有 车 ， 但是 想 近期 考 驾照 。,[],[1_2],[1_2],[2_5_11],[2_5_11]
908,请 再次 确认 一下 微 信号 ， 我 添加 你 时 显示 “ not found ” 。,请 再次 确认 一下 微 信号 ， 我 添加 你 时 显示 “ 查无此人 ” 。,[],[13_14_15_16],[13_14_15],[6_12_15_16],[6_12_14_15]
909,已经 拿到 permit ， 有 车 。,已经 拿到 许可证 ， 有 车 。,[],[2_3],[2_3],[3_6],[3_6]
910,位置 ： squirrel hill 附近 。,位置 ： 松鼠山 附近 。,[],[2_3],[2],[1_5],[1_4]
911,你 还 ， 请 问 可以 share 一下 你 教练 的 联系 方式 吗 ？,你 还 ， 请 问 可以 分享 一下 你 教练 的 联系 方式 吗 ？,[],[6],[6],[2_14],[2_14]
912,我 也 拿到 了 permit ， 最近 想 请 教练 陪练 ， 但 还 没 找到 。,我 也 拿到 了 许可证 ， 最近 想 请 教练 陪练 ， 但 还 没 找到 。,[],[4_5],[4_5],[5_11_16],[5_11_16]
913,在 每 一 次 booking 客人 走 之后 需要 进行 整理 和 清洁 。,在 每 一 次 租借 客人 走 之后 需要 进行 整理 和 清洁 。,[],[4],[4],[13],[13]
914,allen 于 2018-4-25 14:27 编辑,allen 于 2018-4-25 14:27 编辑,[allen],[0],[0],,[2_3]
917,去 ymca 找 一 个 正规 的 吧,去 ymca 找 一 个 正规 的 吧,[ymca],[1],[1]
918,area manager 地区 经理,地区 管理 地区 经理,[],[0_1],[1]
919,有 良好 的 沟通 能力 和 时间 观念 ， 团队 意识 强 熟练 应用 电脑 ， excel 表格 ， word 文档 等 基本 办公 软件 应用 有 工作 经验 ， 美国 身份 者 优先 考虑,有 良好 的 沟通 能力 和 时间 观念 ， 团队 意识 强 熟练 应用 电脑 ， excel 表格 ， word 文档 等 基本 办公 软件 应用 有 工作 经验 ， 美国 身份 者 优先 考虑,[excel_word],[16_19],[16_19],[8_15_18_29],[8_15_18_29]
920,朋友 背景 ： 国内 大学 研究生 ， 已 拿到 公司 offer .,朋友 背景 ： 国内 大学 研究生 ， 已 拿到 公司 邀请 .,[],[10_11],[10_11],[2_6_11],[2_6_11]
921,客服 很 nice ， 丢 单 必 补 ， 从不 赖账 ；,客服 很 好 ， 丢 单 必 补 ， 从不 赖账 ；,[],[2_3],[2_3],[3_8_11],[3_8_11]
922,有 permit 和 国内 驾照 ， 希望 有 人 可以 有偿 帮忙 过 一 遍 考试 内容 和 讲 一下 注意 事项 ！,有 许可证 和 国内 驾照 ， 希望 有 人 可以 有偿 帮忙 过 一 遍 考试 内容 和 讲 一下 注意 事项 ！,[],[1],[1],[5_22],[5_22]
923,有 需要 或 加入 att family plan 的 吗 ？,有 需要 或 加入 att 家庭 套餐 的 吗 ？,[att],[4_5_6],[4_5_6],[9],[9]
924,参加 信息 ， 论坛 详情 见 flyer ！,参加 信息 ， 论坛 详情 见 传单 ！,[],[6_7],[6_7],[2_7],[2_7]
925,有 permit ， 没有 车 ， 但是 很 需要 近期 考 驾照 。,有 许可证 ， 没有 车 ， 但是 很 需要 近期 考 驾照 。,[],[1_2],[1_2],[2_5_12],[2_5_12]
926,你们 要 去 哪个 outlet,你们 要 去 哪个 奥特莱斯,[],[4],[4]
927,过往 的 两 次 自从 匹 大 加入 acc 对阵 情况 来看 ， 掌控 比赛 节奏 在 对阵 duke 时 总 显得 那么 的 艰难 。,过往 的 两 次 自从 匹 大 加入 acc 对阵 情况 来看 ， 掌控 比赛 节奏 在 对阵 杜克 时 总 显得 那么 的 艰难 。,[acc],[8_18],[8_18],[12_25],[12_25]
928,晚上 去 woodbury outlets 。,晚上 去 伍德 百 瑞 奥特莱斯 。,[],[2_3_4],[2_3_4_5_6],[4],[6]
929,大家 找 工作 都 需要 专业 头像 作为 自己 的 profile picture .,大家 找 工作 都 需要 专业 头像 作为 自己 的 个人 资料 图片 .,[],[10_11_12],[10_11_12_13],[12],[13]
930,walter's automotive ， 口碑 很好,walter's automotive ， 口碑 很好,[automotive],[0_1_2],[0_1_2],[2],[0_2]
931,target 就 可以,塔吉特 就 可以,[],[0],[0]
932,还有 pittsburgh custom darkroom :,还有 匹兹堡 定制 暗室 :,[],[1_2_3_4],[1_2_3_4],[4],[4]
933,> 通过 校园 里 的 emergency 报警 系统,> 通过 校园 里 的 紧急 的 报警 系统,[],[0_5],[0_5],[0],[0]
934,remain calm 冷静,保持 冷静 冷静,[],[0_1],[0]
935,use good judgment 机智,善用 判断力 机智,[],[0_1_2],[0_1]
936,south oakland 的 bates street 以西 - - hill district,南 奥克兰 的 贝茨街 以西 - - 希尔区,[],[0_1_3_4_8_9],[0_1_3_7],[6_7],[5_6]
937,west oakland 的 robinson street 西 南面 -- terrace village,西 奥克兰 的 罗宾逊 街 西 南 面 -- 露台 村,[],[0_1_3_4_8_9],[1_3_4_6_7_8_9_10],,[8]
938,trees 周五 大概 是 几 点 ？,树 周五 大概 是 几 点 ？,[],[0],[0],[6],[6]
939,另外 peterson 是 哪里 .,另外 佩特森 是 哪里 .,[],[1],[1],[4],[4]
940,然后 就 可以 email 群发 附近 的 dealer 要求 报价 ， 然后 让 他们 互相 beat 。,然后 就 可以 电子 邮件 群发 附近 的 卖家 要求 报价 ， 然后 让 他们 互相 竞价 。,[],[3_7_15_16],[3_4_8_16_17],[10_16],[11_17]
941,liability : 你 的 责任 事故 给 别人 造成 的 经济 损失 和 医疗 费用 。,责任险 : 你 的 责任 事故 给 别人 造成 的 经济 损失 和 医疗 费用 。,[],[0_1],[0_1],[1_15],[1_15]
942,以上 是 对 保险 的 概述 ， 各 公司 的 coverage 条款 中 会 有 细微 差别 。,以上 是 对 保险 的 概述 ， 各 公司 的 涵盖 条款 中 会 有 细微 差别 。,[],[10],[10],[6_17],[6_17]
943,所谓 全 保 和 半 保 的 区别 ， 主要 是 指 是否 有 collision ， 因为 只有 liability 和 collision 比较 贵 。,所谓 全 保 和 半 保 的 区别 ， 主要 是 指 是否 有 碰撞 险 ， 因为 只有 责任险 和 碰撞 险 比较 贵 。,[],[14_15_18_20],[14_15_16_19_21_22],[8_15_23],[8_16_25]
944,航空 公司 xx airlines,航空 公司 XX 航空,[],[2_3],[2]
945,pasta 意大利 面 rice 米饭 noodle 面条 / 炒面,意面 意大利 面 饭 米饭 面条 面条 / 炒面,[],[0_3_5],[0_3],[7],[7]
946,toilet 厕所 excuse me .,厕所 对不起 ， 请 问 厕所在 哪儿 .,[],[0_2_3_4],[1_2_3_4_5_6_7],[4],[2_7]
947,我 儿子 的 毕业 典礼 my son ’ s graduation ceremony,我 儿子 的 毕业 典礼 我 儿子 的 毕业 典礼,[],[5_6_7_8_9_10],[],[7]
948,照相 take photo/picture,照相 照相,[],[1_2],[]
949,我 不 懂 sorry i don ’t understand,我 不 懂 对不起 我 不 明白,[],[3_4_5_6_7],[3_6]
950,我 不 说 英语 sorry i don ’ t speak english,我 不 说 英语 对不起 我 不 说 英文,[],[4_5_6_7_8_9_10],[4_8],[7]
951,行李 传送带 luggage claim ;,行李 传送带 行李 带 ;,[],[2_3_4],[3_4],[4],[4]
952,baggage claim 国际 出港 international departure,行李 带 国际 出港 国际 出发,[],[0_1_4_5],[0_1_5]
953,国内 出港 domestic departure 国际 旅客 international passengers,国内 出港 国内 出发 国际 旅客 国际 旅客,[],[2_3_6_7],[3]
954,转机 transfer 转机 旅客 transfer passengers,转机 转机 转机 旅客 转机 旅客,[],[1_4_5],[]
955,入口 in 出口 exit ;,入口 进入 出口 出口 ;,[],[1_3_4],[1],[4],[4]
956,厕所 toilet ， restroom 正点 on time 延误 、 推迟 delayed,厕所 厕所 ， 厕所 ； 正点 正 点 延误 、 推迟 推迟,[],[1_2_3_5_6_10],[6_7],[2_8],[2_4_9]
957,姓 family name ， last name ， surname 名 first name,姓 姓 ， 姓 ， 姓 名 名,[],[1_2_3_4_5_6_7_9_10],[],[3_6],[2_4]
958,下 一 页 是 给 海关 官员 的 信 ， 打出 来 之后 带着 ， 过关 的 时候 他 可能 会 问 ： what ’ s your purpose of this visit ?,下 一 页 是 给 海关 官员 的 信 ， 打出 来 之后 带着 ， 过关 的 时候 他 可能 会 问 ： 你 为什么 来 访问 美国,[],[23_24_25_26_27_28_29_30_31],[23_24_26_27],[9_14_22_24_31],[9_14_22]
959,（ 你 为何 来 美国 ， 你 在 美国 住 哪里 ， 等等 ） 告诉 他 i don ’ t speak english ， but please take a look at this .,（ 你 为何 来 美国 ， 你 在 美国 住 哪里 ， 等等 ） 告诉 他 我 不 会 说 英语 但是 请 你 看看 这个,[],[0_16_17_18_19_20_21_22_23_24_25_26_27_28_29_30],[0_16_17_18_19_20_21_22_24_25],[0_5_11_13_18_22_30],[0_5_11_13]
960,august 7-9 : 餐馆 预演 ， 就是 早 去 有 优惠 哦,八月 7-9 : 餐馆 预演 ， 就是 早 去 有 优惠 哦,[],[0_1_2],[0_1_2],[2_5],[1_2_5]
961,august 10-16 ： 就 是 正式 的 餐馆 周 啦,八月 10-16 ： 就 是 正式 的 餐馆 周 啦,[],[0_1_2],[0_1_2],[2],[1_2]
962,google 点 图 ， 电脑 里 都 没有 了 。,谷歌 点 图 ， 电脑 里 都 没有 了 。,[],[0],[0],[3_9],[3_9]
963,山 上 有 很多 家 高大 上 的 餐厅 ， 我 最 喜欢 的 一 家 是 monterey bay fish grotto ， view 给 满分 。,山 上 有 很多 家 高大 上 的 餐厅 ， 我 最 喜欢 的 一 家 是 默特 利尔 海湾 鱼窟 ， 风景 给 满分 。,[],[17_18_19_20_21_22],[17_18_19_20_21_22],[9_21_25],[9_21_25]
964,downtown 有 个 公寓 叫 washington plaza ， view 啊 户型 啊 ， 都 极 好 ， 没有 车 也 有 公交 ， 车位 充足 生活 便利 。,市区 有 个 公寓 叫 华盛顿 广场 ， 风景 啊 户型 啊 ， 都 极 好 ， 没有 车 也 有 公交 ， 车位 充足 生活 便利 。,[],[0_5_6_7_8],[0_5_6_7_8],[7_12_16_22_27],[7_12_16_22_27]
